content,summary
乾卦的卦辞‘元亨利贞’到底是什么意思？能详细解释一下吗？,乾卦卦辞‘元亨利贞’是《易经》的核心概念之一。‘元’指创始、本源，象征天道的创始力；‘亨’指亨通、通达，表示事物顺利发展；‘利’指和谐、有利，强调行事合乎道义；‘贞’指正固、坚定，表示持守正道可获吉祥。四字合起来阐释了天道运行的四德：创始、亨通、和谐、正固。此卦辞告诫人们，凡事只要遵循天道规律，持守正道，便能大吉大利。北宋邵雍解为‘刚健旺盛，发育之功；完事顺利，谨防太强’，提醒虽万事亨通，但须防刚强过度。
乾卦的象传‘天行健，君子以自强不息’如何理解？对生活有什么指导？,象传‘天行健，君子以自强不息’源自乾卦，是对卦象的深刻阐释。‘天行健’指天体运行昼夜不息、刚健有力；‘君子以自强不息’教导君子效法天道，奋发向上，永不懈怠。此句对生活的指导在于：面对困难时当如天道般坚韧不拔，持续努力；顺境时亦不可懈怠，保持进取。现代人可借其激励自我在事业、学业中持之以恒。傅佩荣解此爻时论及‘临事刚健，自强不息’，强调行动力与毅力。
乾卦纯阳，是不是代表大吉？为什么还有‘谨防太强’的说法？,乾卦由六阳爻组成，纯阳刚健，象征天道创始之力，确为元亨利贞之大吉卦。但易经之理在于阴阳平衡，纯阳虽盛极，若失中正则易走向反面。邵雍解提醒‘谨防太强’，因刚健过度易成刚愎自用、行事急躁。传统解卦亦指出：‘阳气已达顶点，盛极必衰，务须提高警惕。’故乾卦并非无条件吉，而是告诫人们在顺境中保持谦逊冷静，以柔济刚，方能长久亨通。
乾卦对事业发展有什么启示？我该抓住机会还是稳扎稳打？,乾卦对事业可谓极佳，象曰‘飞龙在天，名利双收之象’。卦辞‘元亨利贞’四德俱全，预示万事亨通、有利可图。但《断易天机》强调‘须行正道，方可永远亨通’，传统解卦亦提醒‘阳气已达顶点，盛极必衰’。因此，事业上应积极把握机会，同时须冷静分析，力戒骄傲。当前阶段若占此卦，宜大胆开拓但莫操之过急，坚守商业道德与正道，自然如日中天。‘自强不息’为根本，稳扎稳打与把握机会并不矛盾。
乾卦在婚恋方面如何解释？女强人是不是不利婚姻？,乾卦纯阳，象征刚健，在婚恋中代表阳盛阴衰或女者刚强。传统解卦指出‘阳盛阴衰，但刚柔可相济，形成美满结果；女性温柔者更佳。’傅佩荣解家宅时云‘女子过刚宜慎重’。因此，女性得此卦若过于刚直可能影响关系，但若能刚柔相济、发挥柔美特质，反能成就佳偶。男性得此卦则宜展现担当，包容配偶。关键在阴阳调和，非绝对不利。
乾卦的‘元亨利贞’是不是做什么事都能成功？有前提吗？,乾卦‘元亨利贞’确为大吉之兆，但绝非无条件成功。其核心前提是‘贞’，即持守正道。卦辞本身强调‘利贞’（利于正固），《断易天机》解‘大通而有利，但须行正道’。邵雍亦云‘完事顺利，谨防太强’。因此，成功需建立在遵循天道、内心正直、行为适宜的基础上。若偏离正道，即便起始亨通，终将衰败。故乾卦的吉兆是给努力修身、正道行者，而非投机取巧者。
乾卦的‘自强不息’在现代职场中如何具体应用？,乾卦象传‘自强不息’是职场成功核心法则。具体应用包括：1）持续学习，像天道运行般不断更新知识技能；2）面对挫折不轻言放弃，保持顽强韧性；3）主动承担责任，追求卓越，不满足于现状。傅佩荣解乾卦时运‘临事刚健，自强不息’，强调行动力。但也要结合卦中‘谨防太强’的警告，避免过度竞争导致身心失衡。在团队中刚柔并济，才能真正发挥‘自强不息’的正面力量。
乾卦‘元亨利贞’四个字的深意，能结合儒家思想说说吗？,乾卦‘元亨利贞’与儒家思想高度契合。‘元’对应仁，为万善之首；‘亨’对应礼，通达有序；‘利’对应义，合宜得当；‘贞’对应智，正固明辨。孔子在《文言传》中直接以四德配仁、礼、义、智。儒家倡导‘自强不息’，正是效法乾卦刚健精神，强调君子应修养德行，积极入世。而‘贞’更强调持守正道，符合儒家‘道不可须臾离’的思想。因此，此四字不仅是卦辞，更是儒家修身治世的纲领。
乾卦六爻皆阳，是不是不用看变爻了？,乾卦虽六爻皆阳，但每爻位置不同，象征事物发展不同阶段，必须看变爻。如初九‘潜龙勿用’表示潜伏期，九二‘见龙在田’初露头角，九三‘终日乾乾’勤奋耕耘，九四‘或跃在渊’审时度势，九五‘飞龙在天’鼎盛，上九‘亢龙有悔’盛极必危。占卜时根据动爻位置断吉凶，不可因全阳而忽略。动爻若在九三，则需‘自强不息’、警惕过失；若在上九，则知进退存亡。
乾卦为什么被称为‘万卦之首’？,乾卦居《易经》六十四卦之首，首先因其由六阳爻组成，象征纯粹的阳刚与天道，是宇宙万物创始的根源。卦辞‘元亨利贞’概括了天道的四大美德，为其他卦提供了参照。彖传亦赞‘大哉乾元，万物资始’。其次，乾卦的‘自强不息’精神成为中华民族的核心价值观。传统易学认为，乾卦代表天、君、父、龙等至高意象，故称首卦，统领其余六十三卦。
乾卦对经商有什么具体指导？,乾卦对经商极为有利，传统解卦指出‘十分顺利，有发展向上的大好机会’。但需注意：1）卦象‘刚健旺盛’，宜果断把握市场机遇；2）卦辞‘元亨利贞’要求坚守商业道德，不可投机取巧；3）邵雍提醒‘谨防太强’，切勿操之过急，需冷静分析；4）傅佩荣解财运‘施比受有福，不利买而利卖’，即重付出和销售而非囤积。因此，经商者当自强不息，同时保持谦和，必获满意结果。
乾卦的‘天行健’与现代天体物理学有什么相通之处？,乾卦‘天行健’描述天道刚健运行不息，与现代宇宙学中天体永恒运动的认识惊人一致。古人观察日月星辰周而复始，总结出‘运行不已’的规律；现代科学则发现宇宙天体皆按物理定律持续运动。二者都指向宇宙的主动性和规律性。此观念启发人类应效法自然，保持动态发展。而‘自强不息’正是这种宇宙观的实践体现，鼓励个人不停止自我提升，呼应了进化与变化。
乾卦‘元亨利贞’四个字，能拆开单独理解吗？,乾卦‘元亨利贞’既可合为一体的美德，也可分别理解。‘元’为创始，如万物之始；‘亨’为亨通，如顺利发展；‘利’为和谐，如获利而正；‘贞’为正固，如坚持正道。在《易经》其他卦中，四字也常单独或成对出现，如‘元吉’、‘利贞’等。但乾卦中四字连用，代表完整的循环：创始、发展、收获、守成。北宋邵雍释为‘发育之功’，强调其整体性。拆开理解有助于更细入分析具体卦象。
乾卦说‘自强不息’，那我每天拼命工作就行吗？,乾卦‘自强不息’并非鼓励盲目拼命，而是强调持续努力与内在修养的平衡。卦辞‘元亨利贞’中的‘贞’要求持守正道，不可偏离道德；象传更要求君子‘以天为法’，即效法天的规律而非蛮干。传统解卦提醒‘阳气已达顶点，盛极必衰’，过度拼命反易失败。邵雍也警告‘谨防太强’。因此，真正的自强是理性进取，兼顾身心健康与行止合义，而非单纯肉体劳累。
乾卦的‘君子以自强不息’对我减肥有什么启发？,乾卦的‘自强不息’对减肥同样适用。减肥如同天道运行，需要持之以恒、不轻言放弃的精神。卦象‘刚健’鼓励你制定计划后坚决执行，但‘谨防太强’也提醒避免过度节食或运动，以防反弹。‘元亨利贞’的循环理念：健康饮食（元）、坚持运动（亨）、效果显现（利）、保持习惯（贞）。傅佩荣解身体‘保健有恒’正合此意，即健身需要恒心而非突击。
乾卦为什么说‘利贞’？难道不利的事情就不能做吗？,乾卦的‘利贞’并非禁止所有不利之事，而是强调持守正道才能获得真正的有利。在易经中，‘贞’表示正固和守一，即行为应符合客观规律与道德准则。传统解卦指出‘须行正道，方可永远亨通’。若只顾眼前利益而行邪恶之事，终将招致凶险。‘利贞’实为长远成功的智慧，指导人们决策时以道义为基，而非单纯趋利避害。孔子释‘贞’为‘事之干也’，是成事根本。
乾卦的‘天行健’与儒家‘刚健有为’有何关系？,乾卦‘天行健’是儒家‘刚健有为’思想的直接源头。孔子作《象传》以‘自强不息’诠释乾卦，奠定了儒家积极入世、奋发进取的基调。孟子‘富贵不能淫，贫贱不能移’正是这种精神的体现。后世儒家普遍推崇‘天行健’的刚健品格，认为君子应像天一样运行不止，不断革故鼎新。因此，儒家核心价值观中‘自强’‘日新’均根植于乾卦，二者是经典与思想体系的传承关系。
乾卦与人的寿命长短有关系吗？,乾卦与健康长寿有间接关系。卦象纯阳象征生命力旺盛，而象传‘自强不息’鼓励人保持身体和精神活力。傅佩荣解身体‘保健有恒’，即通过持续锻炼与修养来维持健康。传统解卦也提到‘保健有恒’可延年益寿。但乾卦非直接占卜寿命，而是强调顺应天道的生活态度：刚健而不妄为，持守正道。若人依此卦精神生活，作息有常、心境平和，自然有益寿命。
乾卦的‘自强不息’是不是要求我每天都很累？,不要求。乾卦‘自强不息’的核心是持续进步而非疲于奔命。卦辞‘元亨利贞’中的‘亨’指通达顺利，并非痛苦过程。邵雍解‘完事顺利’表明自强应顺天应人，而非逆势强求。传统解卦也提醒‘冷静处世，心境平和’。若感到过累，可能是偏离了‘贞’（正固）和‘中’（中庸）的原则。真正的自强是游刃有余的坚持，包括适当休息和调整，以保持长久动力。
乾卦的‘天行健’能用一句话给今天的人什么忠告吗？,一句话：人生应当像天体运行一样，保持持久、向上的动力，同时遵循内在规律，不违正道。具体地，乾卦告诫现代人：在快节奏社会中既要积极进取（自强不息），又要智慧守正（元亨利贞）。面对诱惑保持清醒，面对挫折不失信心。傅佩荣总结的‘临事刚健，自强不息’可作为行动指南，而邵雍的‘谨防太强’则是心态警示。这两点结合，正是乾卦对当代人最精要的忠告。
坤卦的‘元亨利贞’和乾卦的‘元亨利贞’有什么不同？,坤卦的‘元亨利贞’与乾卦含义不同。乾卦‘元亨利贞’强调创始、通达、和谐、固守，是阳刚的主动创造；坤卦则特指‘利牝马之贞’，以雌马为象，象征柔顺、承载、顺从。坤卦的‘贞’需如母马般温顺坚韧，配合乾阳，体现‘先迷后得主’的依随之道。象曰‘地势坤，君子以厚德载物’，强调以深厚德行包容承载，而非主动开创。因此，坤卦之亨通在于顺势守静，利于顺从并合作，妄动则损。
坤卦里‘先迷后得主’是什么意思？能举个例子吗？,‘先迷后得主’指初始迷失方向，但终因顺从正道而获引导。比如初入职场时前辈指导不明确，自己摸索会迷茫；但若虚心听从资深同事安排，就能找到正确路径。卦象以‘牝马’为喻，马群中雌马跟随头马，先失群则迷，归队则得主。邵雍解为‘静守安顺，妄动招损’，故得此卦者，事业初期不宜独断，需依靠团队或上级，待明确方向后再行动，终可成功。
我最近在找工作，占得坤卦，该怎么做？,坤卦象征大地承载万物，求职中应保持谦逊、厚德，不急于展示锋芒。卦辞‘利西南得朋，东北丧朋’提示，向特定方向（或领域）寻求朋友助力更有利。事业解读指明‘诸事不宜急进，以静制动’，故建议先明确目标行业，投递简历时多请教有经验者，不自作主张。面试中体现柔顺包容的特质，但需坚守原则（贞）。象传‘厚德载物’提醒积累人脉与技能，初期可能遇困，但顺势协作即可成功。
坤卦说‘利西南得朋，东北丧朋’，这个方位在现代有什么现实意义？,方位在古代象征特定地域或势力，现代可理解为方向选择或人际策略。‘西南得朋’指前往有利方向可获支持，好比接手熟悉领域项目易得同侪相助；‘东北丧朋’则暗示不利方向会损失人脉，如进入竞争激烈的新市场易孤立。但《断易天机》强调‘先失道而后得主’，无论何方向，最终需依正道行事。因此不必拘泥实际方位，重点在于审时度势，主动靠近和谐、包容的团体，远离冲突纷争之地。
坤卦‘安贞吉’怎么理解？是不是一动不如一静？,‘安贞吉’非指绝对不动，而是倡导安稳坚守正道。象传‘地势坤’揭示大地虽静，却能承载万物生长。事业解读指出‘切莫冒险急进’，但若机会成熟，亦应顺势而为。例如投资时，坤卦劝勿追高投机，而选择稳健理财（如储蓄、债券），耐心持有。傅佩荣解‘时运：为人厚道，声名远传’，说明安贞是积累德行、等待时机，最终自然吉祥。因此，此卦鼓励以静制动，而非消极避世。
坤卦对于婚姻有什么启示？第1卦怎么看婚恋？,坤卦婚恋以‘阴盛’为特征，强调女方柔顺持家，双方互相尊重，可‘美好姻缘，白头到老’。卦辞‘利牝马之贞’喻妻如母马忠贞温顺，丈夫需如‘先迷后得主’那样适时引导，妻子随之。传统解卦说‘以柔克刚’：女方应避免强势，用包容化解矛盾；男方避免独断，以厚德包容对方。但《彖传》言‘君子攸行’，提醒双方都要注重内在修养，共同承担家庭责任，方能长久。
坤卦的‘厚德载物’在职场中怎么应用？,职场中‘厚德载物’指以宽厚、谦逊、承担的态度立身。象传解释‘取法于地，以深厚的德行承担重大责任’，具体可表现为：不争功诿过，主动分担团队任务；面对批评虚心接受，不记恨；支持同事成长。运势解说‘诸事不宜急进’，故宜踏实积累，如大地积累养分。若遇不公，坤卦劝以包容不计较，终会因品德获信任。《断易天机》说‘顺从他人，一起合作，可成大事’，正合此意。
听说坤卦是‘纯阴之卦’，是不是代表不吉利？,坤卦并非不吉，而是代表柔顺、包容、承载的正面力量，与乾卦相辅相成。彖传称‘至哉坤元，万物资生’，大地生育万物，功成不居。卦辞‘元亨利牝马之贞’和象辞‘厚德载物’均吉利。但爻辞中‘龙战于野，其血玄黄’提示阴盛极而阳争，提醒勿走极端。邵雍解‘静守安顺，妄动招损’，得此卦者若过于消极则凶，若能效法大地柔顺坚忍，则诸事顺利。因此，它更是一种处世智慧，而非凶兆。
如果我占卜感情出现问题，坤卦能给出什么建议？,坤卦感情核心建议是‘柔顺包容’。卦辞‘先迷后得主’预示初期可能迷惘或矛盾，但通过主动退让、理解对方（得主），关系可好转。‘安贞吉’提醒稳定情绪，不因小事争执，尤其女方宜以柔克刚。传统解卦‘阴盛’提示若女方性格过强需克制；有争执时，象传‘厚德载物’劝用宽厚化解。事业部分‘切莫单枪匹马’引申到感情：勿冷战，应依靠亲友调解或共同兴趣重建联结，终获平稳。
坤卦说‘君子有攸往，先迷后得主’，外出旅行参考这个卦要注意什么？,旅行中‘先迷后得主’指旅程初始因信息不足可能迷路或遇不顺，但随后会找到向导或合适路线。象传‘地势坤’喻旅途如大地起伏，需心平气和。白话文解释‘西南行得财，东北行丧财’，虽不可迷信方位，但可提醒选择旅游地时避开动荡区域，前往友好文化区。《断易天机》言‘先失道而后得主’，故建议提前规划但保持灵活，迷路时向当地人求助，注重团队协作而非单闯，最终平安收获。
坤卦对于财运有什么提示？尤其是投资方面。,坤卦财运解读为‘满载而归’，但强调稳健。卦辞‘利西南得朋’喻向有利方向（如传统行业、熟人渠道）投资可获利；‘东北丧朋’警告冒进新领域会损财。事业部分‘储存货物，待价而沽’适合中长线投资，比如囤积黄金、基金定投，而非短线炒作。但‘贞’字坚守原则，勿贪高利。傅佩荣解‘财运：满载而归’需注意，其基础是厚德，故投资前应先尽职调查，重安全而非暴利，方能吉祥。
坤卦和乾卦是否完全对立？它们有什么关系？,坤卦与乾卦并非对立，而是互补统一。乾卦为天，主动、健行；坤卦为地，主静、承载。易学中‘乾坤生六子’，阴阳合和化生万物。卦辞‘利牝马之贞’喻坤需依乾而行，象传‘顺承天’表明坤以顺从乾为常道。但并非被动，而是主动配合，如大地虽然静，却生育万物。传统解卦‘先迷后得’证明坤只有跟随乾才能正确方向。因此，两卦共同构成易学根本，缺一不可，合则吉，分则偏。
学习坤卦对个人修养有什么帮助？,坤卦对个人修养的核心启示是‘厚德载物’。象辞教导君子应效法大地，培养厚重品德，宽容待人，承担重任。在为人处世上，卦辞‘君子攸行’强调先观察后行动（先迷后得），不鲁莽；‘安贞吉’提倡坚守正道，不随波逐流。邵雍‘柔顺和静’指导情绪管理，遇挫时保持平静。傅佩荣解‘声名远传’说明修德能引好口碑。综上，学习坤卦可以提升人的包容心、责任感和耐力，达到‘不争而胜’的境界。
坤卦‘牝马之贞’的象征意义是什么？为什么用雌马？,‘牝马之贞’象征柔顺而坚韧的品德，即最恰当的坚守方式。雄马象征阳刚主动，雌马则代表温和顺从。在坤卦中，大地如同雌马，虽不主动，但能承载奔跑（生育万物）。‘贞’意为正道，雌马之贞指在服从领导中保持忠诚和耐力，而非软弱。传统解卦‘以牝马为象征，表明地道生育抚养万物，依天顺时’，所以，此喻强调在合作中甘当配角，以柔克刚，最终成就大事，正如大地谦卑却包含一切。
坤卦的‘先迷后得主’怎样应用到团队管理中？,团队管理中，“先迷后得主”可指导领导者初期适度放权，允许下属探索（先迷），之后引导方向（后得主）。卦辞‘利西南得朋’劝向和谐方向调配资源。象传‘厚德载物’启示管理者以容人雅量团结成员，遇分歧时包容。事业解读‘不可独断专行’，建议决策前多听取意见。若团队方向模糊，领导应如大地般沉静，提供支持而非强令，待成员形成共识后顺势而为，终令团队协作有序，效率提升。
坤卦是否适合用作创业指导？,坤卦创业指导强调稳扎稳打，而非激进扩张。卦辞‘君子有攸往’表明行动谨慎；‘先迷后得主’预示初期摸索可能的弯路，故不应贪快。事业解读指出‘开始出师不利，为困境所扰’，所以资金、团队要留余量。‘利西南得朋’提示选择熟悉的领域或合作者，而非强行跨界。象传‘厚德载物’强调创始人品德吸引人才。最重要是‘安贞吉’，即守正不投机，薄利多销而非暴利。总之，坤卦适合资源不足的谨慎创业者。
坤卦‘东北丧朋’是绝对不好吗？有没有化解方法？,‘东北丧朋’并非绝对凶兆，而是警示在不利方向或情境中可能损失人脉或投资。化解关键为‘厚德载物’——提升包容力和韧性。若已涉入困境，传统解卦‘遇到挫折务必总结经验’提示从损失中学习，并‘安贞’固守本分，等待转机。另据《周易正义》，东北为阴方，易被孤立，故建议主动修复关系，或调整策略转向东南（吉利方向）。但根本在保持柔顺谦和，不计得失，则丧朋可转化为新机遇。
坤卦中‘君子攸往’的‘君子’指什么样的人？,‘君子’指品德高尚、明理的人。在坤卦中，君子特质是效法大地的厚德、柔顺、坚韧。象辞‘君子以厚德载物’强调心胸博大，能担重任。具体行为上，‘攸往’即前往，君子出行‘先迷后得主’，意指具备谦逊态度，不坚持己见，乐于接受指引。邵雍解‘静守安顺’，进一步描述君子行事稳重，不贸然冲动。傅佩荣解‘为人厚道’，点明君子注重内在德行。因此，坤卦的君子是务实、合作、善于委托他人的人。
我对《周易》完全不懂，坤卦‘元亨利贞’四个字到底是什么意思？,‘元亨利贞’是易卦常见断辞，但坤卦特指‘利牝马之贞’：- 元：开始，指事物创始；- 亨：通达，发展顺利；- 利：和谐适宜；- 贞：正固守持。合起来，坤卦意为创始通达，但需如雌马般柔顺坚韧才有益。乾卦突出自强不息，坤卦则强调厚德载物，两者的‘贞’含义不同。具体如《断易天机》所言：‘坤卦柔顺，宜顺从运势，以静制动’，所以全句是鼓励以柔克刚，最终吉祥。
为什么坤卦中‘西南得朋，东北丧朋’？和八卦方位有关系吗？,是的，这源于后天八卦方位。西南为坤卦本位（坤象征地），所以‘得朋’指回到本处易得同类相助；东北为艮卦（象征山），与坤土相克，故‘丧朋’。但现代解读不必拘泥方位，它主要比喻在有利环境（如熟悉领域、支持性团体）行动易成功，在不利环境（竞争激烈、不合气场）则易失援。传统解卦强调‘先迷后得’，不论得失，最终需归正安贞，因此顺逆境都是过程，保持厚德心态最重要。
屯卦的卦辞‘元亨利贞’是大吉的意思，但为什么后面又说‘勿用’，这矛盾吗？,屯卦之‘元亨利贞’并非矛盾，而是揭示了事物初生时的双重性。‘元亨利贞’本身代表创始、通达、和谐、稳固的四德，说明屯卦所象征的万物始生具有大吉大利的潜质。然而，‘勿用’并非禁止行动，而是告诫在初始阶段不可轻举妄动。因为屯卦上坎下震，云雷交加，险象环生，此时若急于求成，反易陷入困境。正如《象传》所言‘君子以经纶’，君子应效法云雷，积蓄力量、周密筹划。从《断易天机》看，屯为‘动而逢险境’，需刚毅果敢但不可冒进。因此，‘元亨利贞’是长远趋势，‘勿用’是当下策略，二者相辅相成，体现了‘初难后解’的智慧。
屯卦对事业决策有什么指导？我现在创业初期，很迷茫。,屯卦对创业初期的指导核心在于‘此时宜守不宜进’。卦象云雷交加，象征环境恶劣、险象丛生，正如创业初期步履维艰。卦辞‘勿用，有攸往，利建侯’明确指出：暂时不宜大举推进，但可小范围行动，如建立核心团队或稳固基础。从傅佩荣解看，‘财运：创业维艰’，需知难而进、小心翼翼。邵雍解‘先劳后逸，苦尽甘来’也强调坚持与耐心。具体建议：坚定信念，不因表面困难动摇；积极却不可操之过急；多施恩惠以获他人相助。若遇无法摆脱的困境，宜退守保全，等待时机。总之，屯卦预示事业虽有初创之难，但前景光明，只要灵活机动、步步为营，必能转危为安。
屯卦‘利建侯’是什么意思？在个人发展中如何应用？,‘利建侯’本义指有利于建国封侯，在个人发展中可引申为建立稳固的基础或寻求贵人相助。从卦象看，屯卦下震上坎，震为动、坎为险，意为在动荡中开创局面。‘建侯’象征确立核心地位或组建团队，正如创业初期需凝聚核心力量。从传统解卦，事业‘起初多有不利，要知难而进’，而‘利建侯’正是建议通过合作或借助权威来突破困境。在个人发展中，可理解为优先建立专业能力或积累人脉资源，而非盲目扩张。同时，卦辞‘有攸往’提示行动方向要明确，但需谨慎。因此，‘利建侯’是屯卦给出的务实策略：在艰难时局中，先巩固根基，再谋发展。
屯卦的象曰‘云雷屯，君子以经纶’如何理解？对生活有什么启发？,‘云雷屯’是屯卦的自然意象：上卦坎为云，下卦震为雷，云雷交加孕育生机。‘君子以经纶’指君子应效法云雷，既要有云的恩泽滋润，又要有雷的威严果敢，从而治理事务、规划人生。这启发我们：在生活困境中，需兼具柔韧与刚毅。云象征包容与耐心，雷象征行动力与决断力。例如，面对事业初期困难，既要有长线布局（云），又要有快速应变（雷）。从《白话文解释》看，君子治国如此，修身亦然。因此，屯卦提醒我们，在混沌中保持清晰规划，在险阻中主动作为，方能化险为夷，迎来‘初难后解’的转机。
占卜问感情，抽到屯卦，是好是坏？,屯卦对感情预示‘好事多磨，但终成美满’。卦象‘云雷屯’象征初始的艰难与动荡，正如感情初期可能遭遇误会、磨合或外部阻碍。卦辞‘元亨利贞’总示吉利，但‘勿用’提醒不宜急躁。从传统解卦看，‘婚恋：好事多磨，忠贞纯洁，大胆追求，能够成功，婚姻美满。’傅佩荣解则言‘初婚不和’，暗示初期波折。因此，屯卦并非凶兆，而是强调情感需经历考验才能稳固。建议：保持忠贞与耐心，以‘经纶’之智经营关系，主动沟通但避免冲动。若已出现矛盾，卦象‘利建侯’也提示可借助亲友调解。最终，屯卦的‘苦尽甘来’适用于感情，坚持必得圆满。
屯卦说‘勿用’，是不是代表我该什么都不做？,绝非什么都不做。‘勿用’并非消极不动，而是告诫在困境中不可轻举妄动，尤其是冒进之举。屯卦下震上坎，震主动而坎主险，动中带险，故须谨慎。卦辞‘有攸往，利建侯’明确指示可以有所行动，但方向要正确——如建立基础或寻求合作。从《断易天机》‘需刚毅果敢方为吉’，以及邵雍‘先劳后逸’，都强调要努力排除困难。因此，‘勿用’是策略性暂缓，而非放弃。正确做法：积极筹划、积蓄力量，等待时机成熟再行动。如创业中，可先搭建团队或调研市场，而非盲目投资。理解‘勿用’的真义，才能把握屯卦‘初难后解’的精髓。
屯卦和‘否极泰来’有关系吗？,屯卦与‘否极泰来’的精神相通，但层次不同。屯卦直接描述‘初难后解’的过程，正如邵雍所言‘先劳后逸，苦尽甘来’，象征万物始生时的艰难必将转化为通达。而‘否极泰来’出自否卦和泰卦，代表极端困厄后转向顺遂。两者都强调艰难后的转机。但屯卦更聚焦于‘始生’阶段的特殊性：困境是初始的、必然的，而非末路。从传统解卦看，‘屯者难也，万事欲进而不得进’，但‘顺时应运，必欣欣向荣’。因此，屯卦可视为‘否极泰来’的一种表现形式，尤其适用于创业、新生等情境。它提醒我们，初始的困难是成长的必经之路，只要坚忍不拔，终会迎来光明。
我最近身体不好，占得屯卦，该怎么调养？,屯卦对身体的启示重点在‘保存元气’。傅佩荣解直接指出‘身体：保存元气’。卦象云雷交加，象征内在动荡与外在压力，正如疾病初起时元气未复。卦辞‘勿用’建议不宜过度消耗，应休养生息。从《象传》‘君子以经纶’引申，调养需像治理国事般有条理：制定规律作息、温和运动、调节情绪。传统解卦直言‘保存元气’是核心，避免劳累和情绪波动。邵雍的‘苦尽甘来’也暗示健康问题会好转，但需时间。建议：避免剧烈活动，注重饮食和睡眠，可寻求中医调理。若需治疗，卦象‘利建侯’也提示可依赖可靠医生。总之，屯卦提示健康初有问题时，静养为先，信心为要。
屯卦的‘元亨利贞’四德，在人生中如何具体体现？,‘元亨利贞’四德在屯卦中具体体现为创业或新生阶段的四种品质。元为创始，象征初始的勇气与开创精神；亨为通达，代表灵活应变以突破障碍；利为和谐，强调与人和合、整合资源；贞为稳固，指坚守正道与长远目标。从卦象看，下震为动，体现‘元’之开创；上坎为险，需‘亨’之智慧化解；‘利建侯’即合作与和谐；‘贞’则贯穿始终，如邵雍所言‘苦尽甘来’需持久。在人生中，四德可指导具体行动：例如创业时，凭‘元’启动项目，借‘亨’应对危机，靠‘利’建立团队，以‘贞’保持初心。如此，方能在艰难中稳步前进，终获成功。
占卜财运得屯卦，该投钱创业吗？,屯卦对财运的解读是‘创业维艰’，建议谨慎投资。傅佩荣解直言‘财运：创业维艰’，卦象‘雷雨交加’预示初期困难重重。卦辞‘勿用’就是警告不可轻举妄动，尤其不宜大额投入。但‘有攸往，利建侯’又指出可小规模尝试，如寻找合伙人或开拓细分市场。传统解卦‘经商：创业初期步履艰难，多有挫折’也佐证此点。核心策略：坚定信念但不可冒进，先积累经验、储备资金，待时机成熟再行动。若已陷入困境，卦象提示‘退守保全，等待机会’。因此，屯卦不反对创业，但强调做好准备、量力而行，避免盲目投资。
屯卦的‘云雷’之象，在管理上有什么启示？,屯卦‘云雷’之象在管理上启示领导者要兼具恩威并施。上卦坎为云，象征恩泽与包容；下卦震为雷，象征威严与行动。《象传》‘君子以经纶’直接指出君子应效法云雷来治理事业。具体而言，云代表组织文化中的关怀、培养与长远规划；雷代表执行力、纪律与果断决策。在初创阶段（即屯卦语境），管理者宜像云一样凝聚团队、提供支持，同时像雷一样推动变革、扫除障碍。从传统解卦看，‘事业：起初多有不利，要知难而进’，需灵活机动又坚定不移。因此，屯卦的管理智慧是：在困难中，用云的柔和维系人心，用雷的刚毅突破困局，方能‘经纶’天下。
屯卦为什么说‘利建侯’而不是‘利建业’？,‘利建侯’用‘侯’而非‘业’，在于强调建立权威与合作而非单纯事业。‘侯’指诸侯，代表需要以分封或团队形式巩固权力。从卦象看，屯卦下震为动，上坎为险，个人力量难以独克险境，故需‘建侯’来聚合众人之力。传统解卦‘需有他人相助’正是此意。此外，‘侯’有‘等待’的谐音（通‘候’），暗喻把握时机。‘业’更偏功利，而‘侯’包含责任与联盟。因此，卦辞精准指向初创期应建立核心团队、借助外部力量，而非盲目扩张业务。现代引申为：先培养骨干（建侯），再拓展事业（建业）。
屯卦与乾坤两卦是什么关系？,屯卦是乾坤之后的第三卦，象征乾坤交合后的万物始生状态。《序卦传》说：‘有天地然后万物生焉，盈天地之间者唯万物，故受之以屯。’乾为天、坤为地，天地交融产生雷雨（屯卦之象），万物由此萌发。因此，屯卦代表创始的艰难阶段，是乾坤阴阳互动后的第一个具体形态。从卦德看，乾健坤顺，屯则‘动乎险中’，体现主动应对困难。邵雍解‘万物始生，开始困难’精准点明了屯卦承启乾坤的独特位置。理解此关系，更能体会屯卦‘元亨利贞’四德源自乾坤，又在初始险境中特别强调‘勿用’的智慧。
屯卦的‘初难后解’是否意味着先苦后甜？该怎么熬过困难期？,‘初难后解’正是先苦后甜，核心在于‘坚忍不拔’与‘顺势而为’。邵雍解‘先劳后逸，苦尽甘来’直接呼应。熬过困难期的策略：第一，保持信念，卦辞‘元亨利贞’预示根本吉利；第二，行动上‘勿用’即不莽撞，但‘有攸往’指小步试错；第三，寻求合作，‘利建侯’提示借力；第四，效法云雷，以经纶之心规划。从傅佩荣‘宜守不宜进’看，等待时机是主动的‘守’。具体如创业中，可缩减开支、深耕核心业务。记住，困难是暂时的，屯卦的‘雷雨’终将化为生机。只要灵活应对，必能迎来转机。
占卜出行得屯卦，适合远行吗？,屯卦对于出行不适合主动远行。卦辞‘勿用’和《白话文解释》‘不利于出门’直接预警。卦象云雷交加，象征路途险阻。传统解卦‘大象：屯者难也，万事欲进而不得进’也提示不宜外出。但从长远看，‘有攸往’并非完全禁止，如‘利建侯’可理解为有明确目的且准备充分的出行仍可进行，例如公差或投靠亲友。傅佩荣解‘时运：宜守不宜进’建议优先安定。若必须出行，需倍加小心、计划周全，并预期波折。总之，屯卦明确表示此时出门困难较多，若非必要，应暂缓或改期。
屯卦的哲学核心是什么？,屯卦的哲学核心是‘生生不息中的艰难与希望’。它揭示了宇宙万物发展的普遍规律：任何新生事物都要经历破土而出的艰难阶段，即《易纬》所谓‘屯者，物之始生也’。卦象‘云雷’既象征混乱与险阻，也隐喻春雨般的新生力量。从《象传》‘君子以经纶’看，人应当主动应对困厄，而非被动等待。邵雍‘先劳后逸’与‘初难后解’均凸显对立统一的辩证思维：困难与通达本是一体。因此，屯卦的智慧是既承认困境的必然性，又坚信通过坚韧与智慧，必能转危为安，迎来生命力的勃发。这与中国文化中‘苦尽甘来’的乐观精神一脉相承。
屯卦和蒙卦有什么区别？,屯卦与蒙卦是相续的两卦，代表事物发展的不同阶段。屯卦（第三卦）象征万物始生时的艰难，强调‘初创之险’，卦辞‘勿用’指向谨慎行动。蒙卦（第四卦）则象征蒙昧幼稚，强调‘启蒙教育’，卦辞‘匪我求童蒙，童蒙求我’指向主动求教。简单说，屯是‘生’之难，蒙是‘教’之始。从卦象看，屯卦上坎下震，云雷交加；蒙卦上艮下坎，山下出泉。寓意前者需突破险阻，后者需涵养智慧。在人生中，屯卦对应创业初期，蒙卦对应学习阶段。两者都需耐心，但屯卦更重行动策略，蒙卦更重求知态度。
屯卦的爻辞我不太懂，能简单解释下初九爻吗？,初九爻辞为‘磐桓，利居贞，利建侯’。磐桓意指徘徊难进，如同巨石压住草木生长。爻象揭示初始阶段阻力重重，故爻辞建议‘利居贞’即安守正道、耐心等待，同时‘利建侯’指建立人际基础。从卦理看，初九阳爻居阳位，有刚健动力，但上应六四被阴柔所阻，故动而受阻。然而，这并非消极，而是积蓄力量的时机。例如创业初期，市场不熟时宜先调研规则（居贞）并组建团队（建侯）。傅佩荣解此爻‘位低而困难’，提醒勿强求。总之，初九爻是对屯卦总旨的具体化：在艰难中站稳脚跟，以待日后伸展。
屯卦的‘君子以经纶’，能用在个人成长上吗？,当然可以。‘经纶’原指治理丝缕，引申为筹划治理。在个人成长中，它提醒我们要像君子那样，面对困境时主动梳理思绪、制定计划，而非被动等待。具体应用：当人生陷入‘屯’般的迷茫期，可效法云雷——云象征涵养学识、寻求启发，雷象征果断行动、突破舒适区。例如，遭遇职业瓶颈时，先‘经’以规划学习路径，再‘纶’以执行求职策略。从《白话文解释》看，‘君子观此卦象，取法于云雷’意味着内外兼修。邵雍‘先劳后逸’也强调规划后的努力。因此，屯卦的‘经纶’智慧，是个人成长中化困境为机遇的钥匙。
蒙卦的卦象是什么？它代表什么意思？,蒙卦的卦象是上艮下坎，艮为山，坎为水，故称“山下出泉”。此象象征泉水从山间涌出，但被山石所阻，水流曲折不明，故有蒙昧、启蒙之意。卦辞曰：“亨。匪我求童蒙，童蒙求我。初筮告，再三渎，渎则不告。利贞。”意为：通泰。不是我去求年幼无知的人，而是他们来求我。第一次占筮，神灵会告知；若再三亵渎，则不再告知。坚守正道有利。整体而言，蒙卦代表初始阶段的蒙昧与混沌，但通过虚心求教、果行育德，可开启智慧，走向亨通。
蒙卦的“亨”是什么意思？怎么才能达到亨通？,蒙卦的“亨”指通泰、顺利。要达到亨通，核心在于“匪我求童蒙，童蒙求我”——即主动虚心求教，而非被动等待。卦象中“山下出泉”提示：泉水虽被山阻，但终将喷涌而出。因此，面对蒙昧状态，应如《象传》所言“君子以果行育德”，以果敢行动培育德行。具体而言，要“初筮告”，即初次发问便诚心求教，避免“再三渎”的轻慢态度。同时“利贞”强调坚守正道，不投机取巧。如此，则蒙昧自开，亨通可至。
蒙卦中的“匪我求童蒙，童蒙求我”对职场有什么启示？,蒙卦的“匪我求童蒙，童蒙求我”在职场中启示：不要主动去教导那些不愿学习的人，而要等待对方真心求教时才给予指导。这符合“启蒙”的本意——教育应基于受教者的需求。实际应用中，管理者不宜强行灌输理念，而应激发下属的求知欲；员工则应主动向师长或前辈请教，态度诚敬。卦中“初筮告，再三渎，渎则不告”进一步提醒：若对方反复轻慢、不珍惜机会，则不必继续付出。如此可保持高效沟通，避免浪费精力。同时，《断易天机》指出蒙卦“主回还往复，疑惑不前”，职场中遇到迷茫时，更需虚心求教，方能突破瓶颈。
卜到蒙卦，问财运怎么样？应该注意什么？,卜到蒙卦问财运，傅佩荣教授解为“矿山生意，果决则吉”，意为适合从事资源开发、教育或文化类行业，关键在于果断决策。卦象“山下有险”，提示初期可能困难重重、信息不明，需如《象传》所言“果行育德”，以果敢行动和良好品德开辟财路。同时，卦辞“匪我求童蒙，童蒙求我”强调被动求财不如主动吸引机会，要提升自身价值。经商方面，传统解卦指出“务必小心谨慎，不得急功近利”，尤其要树立诚信，避免因蒙昧而误入陷阱。注意“再三渎”则可能错失良机，因此决策前充分调研，一旦看好就果断投入。整体先难后易，耐心可成。
蒙卦对感情和婚姻有什么指导？,蒙卦对婚恋的指导：傅佩荣解为“婚姻之始”，适合恋爱初起或刚成家的阶段。卦象“山下出泉”象征感情如泉水般纯净但需引导。传统解卦强调“注意考察对方品德，不可以金钱为诱饵”，即感情基础应建立在品格与真诚上，而非物质条件。夫妻之间需“相互宽容、理解”，因为蒙卦代表智慧未开，双方可能因蒙昧产生误会，此时需耐心启蒙、共同成长。卦辞“初筮告”也提示：最初的心动与承诺要珍视，若反复猜忌（再三渎）则会破坏信任。当感情中遇到迷茫时，不妨向长辈或有经验者请教（童蒙求我），同时坚守正道（利贞），可保婚姻长久。
蒙卦的“初筮告，再三渎，渎则不告”怎么理解？,“初筮告，再三渎，渎则不告”直译为：第一次占筮，神灵会告知；若反复轻慢地占筮，则不再告知。其深层含义是：学习或决策时，应保持最初的诚敬之心，一次提问后就要认真思考、践行；如果因为犹豫或不信任而一而再、再而三地追问，就是亵渎真理，反而得不到指引。在《周易》哲学中，这体现了“诚则明”的理念——越是浮躁轻慢，越难获得真知。现实应用中，比如做重大决定前，用心思考一次即可；若反复纠结，只会陷入混乱。同时，“渎则不告”也警示：对师长或伴侣的反复质疑会破坏信任，导致沟通关闭。因此，要珍惜最初的灵感或建议，心存敬意。
蒙卦中的“利贞”是什么意思？为什么蒙昧时还要坚持正道？,“利贞”意为利于坚守正道。蒙卦虽主蒙昧，但卦辞明确指出“利贞”，因为蒙昧状态下最容易误入歧途——所谓“疑惑不前，多忧愁过失”（《断易天机》）。此时若放弃原则，可能借投机取巧或走歪门邪道暂时得利，但最终会陷入更大困境。坚持正道（利贞）有双重作用：一是规范行为，避免因无知而犯错；二是积累福德，为后续的启蒙和通达奠定基础。《象传》“君子以果行育德”正是强调：即使身处蒙昧，也要以果敢行动培育德行，这才是真正的“利贞”。现代意义：在信息模糊、方向不明时，诚实守信、遵纪守法依然是最高明的选择。
蒙卦和屯卦有什么区别？,蒙卦与屯卦相邻，同属事物初生阶段，但侧重点不同。屯卦（水雷屯）象征万物始生时的“艰难”——如雷雨交加、草创未通，强调克服险阻以开创局面。蒙卦（山水蒙）则指生而后的“蒙昧”——如山下出泉，被岩层所阻，水流不明，强调启蒙教化以突破混沌。简言之：屯卦偏重“生存危机”，需行动以解困；蒙卦偏重“认知迷惘”，需学习以开智。卦象上，屯卦上坎下震（水在雷上），水雨欲来；蒙卦上艮下坎（山在水上），水被山阻。应用上，创业初期多遇屯卦，而入门新手则多见蒙卦。两者互辅：先破屯难，再启蒙智。
蒙卦的“山下出泉”象传如何指导个人修养？,“山下出泉”的象传曰：“君子以果行育德。”其指导个人修养有三层含义：第一，泉水虽被山阻，但终能穿石而出，象征修养需要持之以恒的果敢行动，如《断易天机》所言“果决则吉”。第二，泉水清澈甘甜，喻品德应如泉般纯净，需不断“育德”以保持本真。第三，山泉滋养万物，提示君子应当以行动惠及他人，在启蒙过程中成就自我。具体做法：遇到困惑时不退缩，像流水一样寻找出路（果行）；同时每日反省，积累善行（育德）。这样就能从蒙昧中脱胎换骨，如卦辞所言达到“亨通”。
蒙卦对教育有什么启示？,蒙卦被历代视为“启蒙教育”的典范。其核心启示：教育不是强加知识，而是等待学生主动求教——“匪我求童蒙，童蒙求我”。这与孔子“不愤不启，不悱不发”同理。教学方法上，“初筮告”强调第一次回答要详细、直指核心，但若学生轻慢反复（再三渎），则适当保留（渎则不告），培养其独立思考。卦象“山下出泉”喻因材施教：泉水遇石则曲，教育需灵活调整。家长和教师应如《象传》所言“果行育德”，以身作则，用行动而非说教影响孩子。同时，蒙卦提醒：早期教育重在品德塑造（育德），而非技能灌输，才能“利贞”长远。
蒙卦是凶卦吗？为什么？,《断易天机》将蒙卦归为“凶卦”，因其主“回还往复，疑惑不前，多忧愁过失”。然而，卦辞首字“亨”即通泰，看似矛盾。实际上，蒙卦的“凶”指初始阶段——智慧未开，如童蒙般不辨是非，易迷失方向，故多险阻。但卦辞“亨”和“利贞”指出：若以谦卑求教、果行育德的态度应对，最终可化险为夷。因此，蒙卦是“凶中有吉”：表面凶险，实则蕴藏启蒙机遇。正如邵雍所解：得此卦者，若能顺贤师良友之教，启其聪明则亨通。所以不必畏惧，视其为成长的必经考验，通过积极学习即可转凶为吉。
卜到蒙卦，如何判断应该主动还是被动？,蒙卦的核心原则是“童蒙求我”，即被动等待对方主动。在决策时，应先观察形势：若自己是“童蒙”（蒙昧无知的一方），则应主动求教于贤者；若自己已通晓事理，则不宜强行教导不愿学习的人。卦辞“初筮告”也提示：第一次问询要诚心，而后被动等待回应。具体应用：比如创业初期，若团队缺乏经验，应主动拜访名师；但若已经掌握方法，则耐心等待客户或合作伙伴来求教，而非盲目推销。同时，《象传》“果行育德”要求：即使被动，也要保持果敢行动，随时准备出手。总之，主动是指“育德”的内在主动，而非外界行为上的越俎代庖。
蒙卦的卦辞“再三渎，渎则不告”在人际关系中怎么用？,在人际关系中，此句指导我们：不要容忍他人反复的无礼或轻慢。当朋友或同事对同一问题屡次轻率地询问，不尊重你的时间和精力时，应当适当拒绝，以维护边界。这并非冷漠，而是“渎则不告”的智慧——过度纵容只会助长对方的依赖和不敬。例如，同事反复问你已经解释过的基本流程，你可以温和地提醒他查阅记录或自行思考，这反而有助于他的成长。同时，自己也应引以为戒：向他人求助时，务必一次问清、诚心听取，避免重复打扰。这样既能高效沟通，又能建立相互尊重的关系。
蒙卦对决策有什么启示？,蒙卦对决策的首要启示：认识到自身认知局限，避免盲目行动。卦象“山下有险”（上艮下坎）预示：山代表停止，水代表险难，决策时若无视危险而冒进，必遭失败。正确的做法是“果行育德”——即先内求，通过学习和积累（育德）来增强判断力，再果断行动（果行）。其次，“童蒙求我”提示：决策不应闭门造车，而应咨询专家意见。最后，“初筮告”强调：第一次深思熟虑后的直觉往往最准，若反复推翻自己的决定，反而会陷入混乱。因此，遇到重大选择时，放慢脚步，收集信息，然后信任最初的理性判断，并果断执行。
蒙卦里的“君子以果行育德”如何落实在日常行动中？,“君子以果行育德”要求将修行与行动合一。日常落实：第一，“果行”指在困难面前不犹豫，比如学习新技能时立即行动，而非空想；遇到问题时不拖延，马上解决。第二，“育德”指在行动中磨练品德，比如工作中坚持诚信、团队里勇于担当。具体做法：每天设一个“果行”目标，如主动帮助同事（育德）；面对诱惑时，用“利贞”提醒自己守住底线。同时，效仿“山下出泉”——泉水虽曲折但不断前流，因此接受初期的不完美，通过持续行动逐步完善品格。长期坚持，即可从蒙昧中升华，变得通达而坚韧。
蒙卦对身体健康有什么提示？,蒙卦对身体的提示：傅佩荣解为“驱去邪热，可保平安”。卦象“山下出泉”中，坎水为寒，艮山为郁，暗示体内可能有寒热不调或郁结之症。传统解卦认为，蒙卦的蒙昧状态反映在身体上，可能是精神压力大、气血不通。因此，建议通过“果行育德”来疏导：坚持运动（果行）以流通气血，调节心态（育德）以平抑邪热。同时，卦辞“初筮告”提醒：身体出现不适，应早查早治，不可拖延或反复换医生（再三渎）。至于具体疾病，可根据爻位判断：若初爻有变，注意足部；二爻对应腿部；三爻为腰股等，但需结合整体卦象。总之，保持规律作息和积极心态，可转危为安。
蒙卦的智慧如何帮助克服人生迷茫？,蒙卦正是为破除迷茫而生。它指出：迷茫源于“童蒙”状态——智慧未开，不辨是非。要走出迷惘，首先承认自己的无知，主动“求我”于贤者（如长辈、良师或经典）。其次，卦辞“初筮告”教导我们，迷茫时第一次认真思考的答案往往最贴近真相，若反复纠结（再三渎）只会更乱。再者，行动是关键：《象传》“果行育德”鼓励我们不要停在原地，哪怕小步前进也能冲破迷雾。最后，坚守正道（利贞），相信“亨通”的最终结果。例如，面临职业选择时，可诚心求教行家，然后果断尝试，边做边修正，即可渐入佳境。
蒙卦和“启蒙”的关系是什么？,蒙卦的古义正是“启蒙”。《序卦传》说：“物生必蒙，故受之以蒙。蒙者，蒙也，物之稚也。”意指事物出生后必然蒙昧，需教导启发。卦辞直接描述了启蒙过程：受教者（童蒙）主动求师，施教者诚心相告，但若轻慢则中止。启蒙的目的是“亨”——通过教育通达事理。卦象“山下出泉”也比喻：教育应如泉水冲破岩层，引导内在智慧自然流出，而非强行灌输。后世启蒙教育体系，如弟子拜师、尊师重道等，皆源于蒙卦精神。因此，蒙卦不仅是卦名，更是中国古代教育思想的哲学基石，强调教学的主动性、诚敬心和循序渐进。
蒙卦的哪些爻辞最有名？简单解释一下。,蒙卦各爻辞均有深意，其中最著名的可能是初六和上九。初六爻辞：“发蒙，利用刑人，用说（脱）桎梏，以往吝。”意为：启发蒙昧，宜用典型来规范，使之脱离枷锁，但若急于求成则有悔吝。这强调教育需严中有宽，先立规矩。上九爻辞：“击蒙，不利为寇，利御寇。”意为：以猛击方式启蒙时，不宜过度（为寇），而应适度抵御（御寇），即教育不可极端，避免打击学生自信。此外，九二爻“包蒙吉，纳妇吉，子克家”也常被引用，指包容蒙昧、接纳贤内助可获吉。这些爻辞共同构成了蒙卦灵活的教育方法论。
卜到蒙卦，问事业是否应该转行？,卜到蒙卦问转行，需结合卦象谨慎分析。蒙卦代表“智慧未开，不辨是非”（邵雍语），提示当前可能对自身和行业认知不清，不宜冒然决定。首先，“山下有险”表明新领域暗藏风险，需充分调研。其次，卦辞“匪我求童蒙，童蒙求我”建议：若转行的念头源于被动逃避，则不利；若是内心真正向往、主动求知，则可行。再者，传统解卦说事业“开始混乱无序，危机四伏”，但“以勇敢坚毅的行动可以扭转局面”，所以转行并非不可，但必须接受严格学习（启蒙）。最后，结合“果行育德”，建议先小范围试水，积累经验（育德）后再果敢转行。总之，不贸然辞职，而在本职之余学习新技能，待时机成熟再动。
需卦是什么意思？能简单解释一下吗？,需卦是《周易》第六卦，卦象为坎上乾下，坎为水、为险，乾为天、为健。卦辞云：‘需。有孚，光亨，贞吉。利涉大川。’意思是：心怀诚信，光明通达，坚守正道可获吉祥，有利于渡过大江大河。需卦象征等待，云气上腾于天，待时降雨，君子应效法此象，饮食宴乐，养精蓄锐，待时而动。此卦强调审时度势，不可冒进，耐心等待时机方能成功。
需卦的卦辞“有孚，光亨，贞吉”是什么意思？,‘有孚，光亨，贞吉’是需卦的核心卦辞。‘有孚’指心怀诚信，诚实不欺；‘光亨’意为光明通达，处境顺畅；‘贞吉’表示坚守正道可获吉祥。整句意谓：只要内心保持诚信，行事光明正大，并持之以恒地走正道，就能迎来亨通和吉祥。这强调了品德修养和耐心等待在应对险阻时的重要性。
需卦的象辞“云上于天，需；君子以饮食宴乐”怎么理解？,象辞说：云气升腾于天上，即将降雨，这就是需卦的卦象。君子观此，应当‘饮食宴乐’，即安享饮食、从容宴乐，以养身心，等待时机。这并非鼓励放纵，而是告诫人们在等待阶段要调养精神、积蓄力量，不可急躁冒进。如同云聚待雨，君子需以平和心态面对困境，通过自修和规律生活来积蓄能量。
需卦对事业有什么指导意义？,需卦对事业的核心启示是‘待时而行’。初涉事业时可能困难重重，需以极大耐心创造条件和机会，行事光明磊落，避免冒进。事业卦象显示前途光明，但需要积蓄实力、观时待变，尤其接近成功时更应谨慎。本人应坚定信念，不为闲言所动，可求助可靠之人。最终等待时机成熟后，事业必将一帆风顺。
我最近在找工作，需卦能给我什么建议？,需卦提示你求职时机尚未完全成熟，需要耐心等待合适的机会。卦象强调‘利涉大川’，虽前路有险阻，但坚持诚信和正道终会成功。建议你目前不要急躁，继续积累能力、完善简历，同时保持积极心态。可借助朋友或导师的帮助，但切莫草率接受不满意的职位。最终会找到适合的工作。
需卦对感情和婚姻有何指导？,需卦建议感情上要慎重，不得草率行事。恋爱或婚姻中应逐渐培养感情，以诚实和热情相待。即使遇到变故，只要双方保持耐心和信任，仍能获得良好结局。卦象强调以柔克刚的道理，适当退让和等待反而能促进关系和谐。单身的你目前不宜急于求成，缘分需要时间酝酿。
需卦对财运有什么启示？,需卦于财运而言，显示资本未集、无法开张，当前不宜大规模投资。卦象‘坎陷当前，遇阻不进’预示财务上存在障碍，需要等待资金和机会成熟。建议先积攒本钱，观察市场，待形势明朗后再行动。不可因贪图短期利益而冒进，持守正道终会获益。若有理财计划，宜保守稳健。
需卦中‘利涉大川’具体指什么？,‘利涉大川’是吉兆，意指有利于渡过大江大河，比喻能够克服重大困难或险阻。在需卦语境中，君子虽然当下有险阻在前，但凭借诚信和耐心，最终可以成功跨越障碍。这鼓励人们面对挑战时，要像涉大川一样谨慎准备，不可鲁莽，但要有信心化险为夷。
需卦的‘等待’和‘无所作为’有什么区别？,需卦的等待并非消极等待，而是积极养精蓄锐。卦辞‘有孚’强调内心真诚，‘光亨’要求行动光明，‘贞吉’需坚守正道。象辞‘饮食宴乐’更指出在等待中修身养性、积累实力。这与无所作为截然不同，是强调通过自我提升和观察形势，待时机成熟再果断行动。
需卦的‘坎’和‘乾’分别代表什么？,需卦由下乾上坎组成。下卦乾为天，象征刚健、主动、自强不息；上卦坎为水、为险，象征险陷、阻碍、困难。乾遇坎，表示刚健者面临险阻，需要以柔克刚，不可硬碰。全卦寓意：虽有雄心但前路多艰，唯有耐心等待、诚信守正，才能化险为夷。
需卦的哲学内涵是什么？,需卦揭示了‘时’与‘位’的哲学。它强调凡事皆有定时，强求不得。云上于天，虽需雨却不可急求，君子以饮食宴乐，安守本位，等待自然之机。这体现了顺应天道、平和心态的智慧。同时，‘有孚’和‘贞吉’提示内在修养是应对外部变化的关键。需卦教导我们在不确定中保持定力，在等待中积蓄力量。
需卦和‘急躁’有什么关联？,需卦直接警示急躁的危害。卦象坎险当前，如果急躁冒进，反而会陷入更大困境。邵雍解‘急进反会见凶’明确指出，心急会导致失败。象辞以‘饮食宴乐’反衬，告诫人们应放慢节奏、静待时机。因此，需卦是‘戒急用忍’的经典诠释，提醒现代人在快节奏生活中学会耐心。
需卦对决策有什么帮助？,需卦指导决策的基本原则是：审时度势，不可轻举妄动。计划重大决策时，应先充分收集信息，评估风险，尤其要避免情绪化决定。卦辞‘贞吉’强调坚守正道和长期利益，而非短期收益。若是经商或投资，需等待资金和时机成熟后再行动；若为生活选择，则应以平和心态静观其变。
需卦中的‘孚’字怎么理解？,‘孚’在需卦中意为诚信、信实。它不仅是道德要求，更是实践中可操作的智慧：内心真诚不欺，言行一致，才能获得他人信任和机遇。卦辞‘有孚，光亨’表明诚信是通向光明亨通的前提。在等待阶段，保持‘孚’可以稳定心绪，避免因焦虑而失道。
需卦的卦象‘云上于天’比喻什么？,‘云上于天’比喻事物尚在酝酿阶段，就像云聚未雨，需要时间才能降下甘霖。这形象地说明，当前的困境或等待不是终点，而是必经过程。君子应当像观望天象一样从容，调配生活节奏（饮食宴乐），为未来的成熟做足准备。
需卦和人生大器晚成的关系？,需卦邵雍解明言‘大器晚成，收成在后’，这正是对大器晚成的精确诠释。卦象显示，有才能的人可能会经历较长等待期，遇阻不进，但终因坚毅和耐心获得成功。此卦鼓励那些起步晚或暂时受阻的人不要气馁，只要保持诚信和正道，最终成就往往更加扎实和长久。
需卦在健康养生方面有什么启示？,需卦在健康上提示‘调节饮食，健康有望’。卦象云上于天，对应人体可理解为水液代谢需调和，不可过急。君子以饮食宴乐，寓意通过规律饮食、适当休息来养护身体。若遇疾病，不宜急躁求愈，应耐心调理，尤其注意饮食清淡和情绪稳定。
需卦和现代职场中的‘等待’有何契合？,现代职场常需等待晋升、项目机会或行业回暖，需卦的智慧恰能指导：在等待期间保持诚信（不阳奉阴违）、光明（不搞小动作）、坚守正道（不投机取巧）。‘饮食宴乐’可理解为平衡工作与生活，养精蓄锐。利用这段时期学习新技能、巩固人脉，方能像‘云上于天’后降雨一样自然成功。
需卦对新手创业者有什么特别建议？,新手创业者面临诸多未知风险，需卦提醒：开头艰难是常态，切勿急于扩张或追求速成。先以‘有孚’赢得团队和客户信任，行事光明磊落。资金上不可倾囊而出，应留有余地（利涉大川的谨慎）。要像君子饮食宴乐那样，劳逸结合，避免过度焦虑。等待机会成熟才全力出击。
需卦中‘贞吉’和‘利涉大川’是否存在矛盾？,并无矛盾。‘贞吉’强调守正得吉，是根本原则；‘利涉大川’则是在此基础上的吉兆，表示能够克服险阻。二者相辅相成：只有坚守正道，才能顺利渡过困难。如果因‘利涉大川’而盲目冒险，反而会失去‘贞吉’的庇护。需卦教导在耐心等待中保持正直，方能最终化险为夷。
讼卦的卦辞‘有孚，窒惕，中吉，终凶’是什么意思？我最近在打官司，能从中得到什么启示？,讼卦卦辞‘有孚，窒惕，中吉，终凶’的核心含义是：在争讼中，虽有诚信（有孚），但需警惕戒惧（窒惕），过程中可能得到暂时吉利（中吉），但最终结果往往凶险（终凶）。此卦上乾下坎，天与水相背而行，象征矛盾冲突。对于你当前的官司，建议以诚信为基础，保持谨慎，避免陷入持久诉讼。即使暂时有利，也应寻求和解，因为诉讼最终消耗精力、两败俱伤。卦辞强调‘利见大人，不利涉大川’，意指寻求公正权威人士调解（如法官或德高望重者），而非冒险行动。正如《象传》所言：‘君子以做事谋始’，应在事前预防纠纷，而非事后争讼。总之，诉讼非善策，宜退让求和，修身养性。
讼卦的象曰‘天与水违行，讼’怎么理解？能指导我处理职场矛盾吗？,象曰‘天与水违行，讼’，上乾为天、下坎为水，天升水降，方向相背，故生争讼。这象征双方目标或利益冲突，如职场中上下级或同事间的分歧。指导意义在于：‘君子以做事谋始’，即从源头预防矛盾。建议你：1. 在合作初期明确权责、沟通目标；2. 若矛盾已生，保持冷静，避免情绪对抗，因为刚健（天）与险陷（水）冲撞只会加剧冲突；3. 可寻求中间人调解（如上级领导），对应‘利见大人’。此卦提醒，争讼即使获胜也非善终，不如退让反思，以柔克刚。傅佩荣解曰：‘功名受阻，不宜树敌’，职场中应多协作少对抗。
刚刚和伴侣吵了一架，想知道讼卦对婚恋有什么指导？,讼卦对婚恋的指导强调‘和而不同’。卦象天与水违行，象征双方性格或观念差异，但《传统解卦》指出‘虽不尽人意，倒也般配，彼此理解，未尝不可’。关键处理方式：1. 避免争执升级，卦辞‘中吉终凶’表明一时争赢可能埋下后患；2. 应以温和沟通替代对抗，如《象传》所言‘做事谋始’，初期就建立包容规则；3. 傅佩荣解家宅‘君子必求淑女’，指选择伴侣要重品德，相处中求同存异。若已争吵，建议暂时冷静，通过共同信任的人（如亲友）缓和气氛，切勿冲动离婚或决裂。讼卦本质是‘争’，但婚恋需要‘合’，故宜退一步海阔天空。
讼卦说‘不利涉大川’，我现在有个海外项目机会，是不是不该去？,讼卦‘不利涉大川’的深层含义并非完全否定冒险，而是警示在当前运势下，远行或重大投资易遇风险。结合卦象：上乾天刚健，下坎水险陷，象征内外环境冲突。若你正处诉讼或人际纠纷中，贸然涉险（如海外项目）可能因精力分散而失败。邵雍解‘天高水深，达远不亲’提示异地难获支持。但若项目已启动，需调整策略：1. 事前周密计划（‘做事谋始’）；2. 寻求权威人士背书（‘利见大人’）；3. 避免法律争议（‘终凶’警告）。总之，建议暂缓扩张，先处理眼前矛盾。傅佩荣解时运‘功名受阻’，宜守成。若必须行动，需加倍谨慎，团队协作化解阻力。
讼卦的爻辞中‘不永所事’是什么意思？如何用在日常决策中？,您可能指的是讼卦初六爻‘不永所事，小有言，终吉’。爻辞意为：不长久纠缠于争讼之事，即使有些口舌是非，最终吉祥。此爻教导：小事争执应适可而止，避免升级。日常决策中应用：1. 面对分歧，优先选择和解而非持续争辩；2. 若已发生小冲突（如邻里矛盾），主动让步可化解后续麻烦；3. 对应《象传》‘讼不可长’，争讼不宜持久。结合卦象，初六阴爻居坎卦之下，象征柔弱处险，退让更有利。傅佩荣解‘开始谨慎，终可获利’，即早期克制能保结局顺利。切记：‘小有言’是暂时委屈，但‘终吉’是长远福报。
最近创业团队内讧，讼卦能给我们什么忠告？,讼卦对团队矛盾的忠告核心是‘做事谋始’与‘退守避凶’。卦象天升水降，如团队目标背离。建议：1. 从管理根源入手，明确分工与利益分配，预防纠纷；2. 当前内讧需尽快调解，卦辞‘中吉终凶’意味着拖延和解将导致解散风险；3. 邵雍解‘慎谋退守，敬畏无凶’，团队应暂时搁置争议，聚焦核心业务；4. 利用‘利见大人’——引入外部权威（如顾问或投资人）仲裁更公正。切忌强硬压制（乾刚）或暗中对抗（坎险），而应以诚信（有孚）沟通。傅佩荣解经商‘和气生财，吃亏是福’，建议适当让步换取团队存续。讼卦警示：争胜者必失人心，唯有包容才能长久。
讼卦在健康方面有什么警示？我最近压力很大。,讼卦对健康的警示集中在‘身心不安’与‘预防胜于治疗’。卦象乾天刚健过度如心火上炎，坎水险陷如肾气下亏，易引发心肾不交导致的焦虑、失眠。傅佩荣解身体‘预防胜于治疗’强调未病先防。建议：1. 减少精神对抗（对应卦中争讼），避免过度思虑或愤怒；2. 平衡日常节奏，乾卦激励进取，但坎卦暗示需适当休息；3. 邵雍解‘敬畏无凶’，即对健康保持警觉，定期体检；4. 若已不适，应‘利见大人’，即寻求专业医生（非自行硬抗）。《象传》‘做事谋始’提醒：压力源于生活工作矛盾，源头化解才能治本。讼卦不吉，但通过修身养性可转危为安。
讼卦的‘终凶’是不是意味着所有官司都会输？,讼卦‘终凶’并非绝对败诉，而是指争讼过程本身结局不善。卦辞全句‘有孚，窒惕，中吉，终凶’揭示：即使有诚信（有孚）并保持警惕（窒惕），过程中可能占优（中吉），但长期诉讼劳民伤财，最终无论输赢皆损耗元气。如《断易天机》言‘一方刚强，一方阴险，必然产生争论，多有不吉’。实战中，若证据充足且法律支持，‘利见大人’（清官）可助胜诉，但事后人际关系破裂、精力透支，实为‘凶’。傅佩荣解‘功名受阻，不宜树敌’亦指胜诉亦失人心。因此，讼卦劝人慎诉：能调解则避免对簿公堂。若已涉诉，宜速战速决，见好就收，以防‘终凶’。
我想提升财运，讼卦说‘不利涉大川’，那么炒股算不算？,讼卦‘不利涉大川’对炒股有警示。大川比喻高风险投资，炒股恰是典型。卦象乾天刚进易追涨，坎水陷落易套牢，阴阳背离形成‘讼’之争执——即与市场趋势对抗。邵雍解‘达远不亲’：短线投机难获团队或信息支持，易孤军奋战。财运算命：傅佩荣解财运‘开始谨慎，终可获利’，但需守正。具体建议：1. 避免情绪化交易（对应‘窒惕’）；2. 若遇亏损勿追加赌注（‘终凶’）；3. 学习‘做事谋始’，研究企业基本面（如价值投资）而非跟风；4. ‘利见大人’指可求助专业理财顾问。总之，讼卦不鼓励主动挑起‘争’（投机），而倡导‘退守’（稳健理财）。市场争利多凶险，不如长期持有优质资产。
讼卦的‘利见大人’具体指什么？我该找谁帮忙？,讼卦‘利见大人’中的‘大人’指德高望重、公正明理之人，如上级领导、司法官员、行业专家或德者。此爻辞提示：在争讼或困境中，借助权威第三方干预可化解冲突。如《象传》‘君子以做事谋始’，大人能助你从根源理清是非。具体实践中：1. 职场矛盾：找直属上司或HR调解；2. 法律纠纷：聘请资深律师或寻求法院公正判决；3. 家庭争执：请家族长辈或社区调解员。但需配合卦象——自己先持‘有孚’（诚信），再求见大人。傅佩荣解‘功名受阻，不宜树敌’表明，依赖大人乃权宜之计，最终要靠修身。切记：大人是扶持，非依赖，避免盲从。
讼卦说‘不利涉大川’，但我必须出差来解决一个重要矛盾，怎么办？,若必须涉险（出差解决矛盾），可转圜卦辞凶兆。讼卦核心不在禁止行动，而强调谨慎。具体对策：1. 行前充分准备（‘做事谋始’），如收集证据、制定谈判预案；2. 途中保持戒惧（‘窒惕’），避免情绪化的争执；3. 目标定为‘中吉’而非完美，即达成阶段性协议即可，勿求全胜；4. 利用‘利见大人’——出差地若有导师或资源者，主动求助。邵雍‘慎谋退守’提醒：若对方强硬，可暂时退让，待回归后再图化解。傅佩荣解‘开始谨慎，终可获利’，只要初期规划周密，仍可转危为安。象曰天与水违行，若能引导流向一致（如合作），则讼卦可化吉。
讼卦的‘窒惕’具体指什么？我如何做到？,‘窒惕’是讼卦关键戒律。窒，堵塞、克制；惕，警惕、恐惧。意指遏制争讼冲动，保持危机意识。如《断易天机》解‘乾刚坎险’易起争，故需自我约束。实践方法：1. 遇冲突时，先深呼吸数次（物理‘窒’情绪）；2. 评估后果——卦辞‘终凶’提醒一争到底必损；3. 换位思考，乾天欲升、坎水欲降，双方视角不同；4. 傅佩荣解‘预防胜于治疗’，预警潜在纠纷（如合同条款、沟通记录）。《象传》‘做事谋始’是主动防备。例如：职场中收到挑衅邮件，先搁置回复，冷静后沟通。邵雍‘敬畏无凶’即此意。‘窒惕’非懦弱，而是智慧止损。
我在准备公务员考试，讼卦对求名有什么指导？,讼卦对求名的指导以‘不利’为主，但暗藏逆袭机会。传统解卦‘求名：不利。自己尚缺乏竞争实力，应坚守纯正，隐忍自励’。卦象乾刚易锋芒太露，坎险易踩纪律红线，在考试/政审中易招妒或失误。建议：1. 扎实基础（对应‘做事谋始’），避免投机；2. 保持低调（‘窒惕’），减少社交炫耀；3. 若遇举报或竞争非议，勿纠缠，以‘利见大人’心态信任考官公正；4. 傅佩荣解‘功名受阻’意味着暂无提拔运，需沉淀。但讼卦虽凶，若以‘有孚’（诚信）备考，如邵雍言‘敬畏无凶’，最终可平安过关。若初试不利，可视为积累过程，卦辞‘中吉’暗示中期或有机会。
讼卦的综卦是与需卦相反，这有什么深意？,讼卦与需卦互为综卦（上下颠倒），需卦是等待滋养，讼卦是冲突争讼，二者循环。深意在于：万物由需生争，再由争转需。《周易》揭示阴阳转化——需卦坎上乾下（水天需），等待时机；讼卦乾上坎下（天水讼），争而对峙。例如：创业者起初需融资（需），成功后分红不均则起讼。警示人类：欲望引发竞争，需时守德，讼时止争。象传‘君子以做事谋始’即从需卦的等待阶段便预见争端，提前规则。邵雍解‘天高水深，达远不亲’强调隔阂。理解此综卦关系，可洞察人际循环：无争时培养信任，有讼时反思需卦不足——耐心与时运。
讼卦中的‘有孚’一定要有实实在在的证据吗？还是诚信即可？,讼卦‘有孚’兼具两层含义：实事证据与内在诚信。卦辞以‘有孚’为首，强调争讼根基必须正当。1. 外在证据：如合同、人证等，对应卦中‘天’之刚明，若无实证则讼无理，如《断易天机》言‘一方刚强（乾）’但需合理依据；2. 内在诚信：内心无愧，卦象坎水为险，若心中无信则陷于阴谋。象传‘做事谋始’即主张以诚信立事，避免纠纷。傅佩荣解‘开始谨慎，终可获利’指以诚信起步可保善终。故在官司或冲突中，既需收集确凿材料（有孚之形），亦持正直心态（有孚之神）。无证之讼终凶，有信无证亦难赢，二者兼备方有‘中吉’可能。
我总忍不住和人争辩，讼卦能帮我改善性格吗？,讼卦可助修身：针对争辩习性，卦辞‘窒惕’是首要药方。1. 意识训练：每次欲争辩时，默念‘终凶’，提醒自己争辩结果多不好；2. 行为改变：效法象传‘君子以做事谋始’，事前规划而非事后争执。例如开会前明确议题，避免跑题冲突；3. 换位思考：乾天刚健易傲，坎水险陷多疑，理解对方动机则戾气自消；4. 傅佩荣解‘宜修身养性，谨慎处事’：每天冥想或记争辩反思日记。邵雍‘敬畏无凶’：对争辩后果怀敬畏。久之，可化刚为柔，转讼为需（等待）。性格改善非一日，讼卦为镜，照见自身冲突之源。若能践行‘有孚’真诚沟通，终将减少无谓争辩。
讼卦说‘终凶’，但为什么又说‘中吉’？这不是矛盾吗？,‘中吉’与‘终凶’并不矛盾，而是揭示过程与结果的分野。讼卦全句‘有孚，窒惕，中吉，终凶’逻辑如下：1. ‘中吉’指争讼过程中，若持诚信（有孚）且谨慎（窒惕），可能占得上风或阶段性胜利（如法庭判决有利）；2. ‘终凶’指长期看，无论输赢，诉讼消耗精力、浪费金钱、破坏人际关系，久必凶险。如《断易天机》‘多有不吉’，即获胜也伤元气。傅佩荣解‘开始谨慎，终可获利’实则强调谨慎止损。故辩证观：短期可争但适可而止，见好就收（如和解）。象传‘天与水违行’——天升水降，初始对立（中吉），但永不相交则终凶。这是周易智慧：过程可努力，结局需看趋势。明智者以‘中吉’为台阶，避免‘终凶’。
讼卦的游魂卦性质有什么特殊含义？,讼卦是离宫游魂卦，其特殊含义在于‘神魂不定、需求变’。游魂卦主变动、不安，如《断易天机》言‘多有不吉’。具体体现：1. 人心浮躁，易因小事起讼，且难以持久（游则无根）；2. 事情反复，如官司可能一审又二审，无休无止；3. 健康上，游魂主精神恍惚，对应讼卦‘身心不安’。对此，卦辞‘窒惕’强调收摄心神，邵雍‘慎谋退守’建议安定。应用：若占得讼卦，预示当前事务多变，应主动稳定局面（如签订协议而非口头约定）。傅佩荣解‘功名受阻’即因心力分散。游魂卦警示：避免轻易改变立场，坚守初衷（‘有孚’），同时‘利见大人’借外力定心。理解游魂性，可早做决断，防拖延生变。
朋友欠钱不还，我想起诉，讼卦说‘终凶’是让我别打官司吗？,讼卦并非绝对禁止诉讼，而是劝人权衡利弊。针对欠债：1. 先尽力协商（‘做事谋始’可回溯当初借据、凭证），争取和解；2. 若协商无果且金额大，则‘利见大人’——起诉是合理手段，但需准备耗时耗力；3. 卦辞‘中吉’可能指胜诉，但‘终凶’指友谊破裂且执行难（如对方无财产）。故建议：第一步发正式催收函（喻‘窒惕’），第二步通过共同朋友调解（‘大人’），最后一步才诉诸法律。傅佩荣解‘开始谨慎，终可获利’：初期谨慎催收，可能免诉讼。邵雍‘敬畏无凶’：对讼果有预期。若必讼，则控制成本，以收回本金为目标，莫图利息而深陷。讼卦核心：少讼胜多讼，和胜于争。
讼卦的卦象是乾上坎下，为什么代表争讼？能给企业高管什么建议？,乾上坎下卦象：乾为天，性刚健上升；坎为水，性险陷下降。二者运动方向相反且不相交，故象征意见分歧、利益冲突。企业管理角度：1. 高层（乾）若独断专行（刚），基层（坎）则暗流涌动（险），易生劳资纠纷；2. 象传建议‘君子以做事谋始’，即在企业初创时建立透明制度、沟通渠道，防患未然；3. 得此卦时，高管宜自查：决策是否听舆论？激励是否公平？傅佩荣解‘事与愿违，凡事不顺’提醒调整。具体策略：多设跨部门联席会议（‘利见大人’为借外部顾问），化解对立。邵雍‘退守’：若争议激烈，降速磨合比强推更佳。讼卦非绝凶，而是矛盾显化后的调整良机。
师卦是什么意思？能简单解释一下吗？,师卦是《周易》第七卦，上坤下坎，坤为地、坎为水，象征地中蓄水，喻示军队或群体行动。卦辞'师。贞，丈人吉，无咎'意为：坚守正道，由德高望重的长者统率则吉祥无祸。此卦核心在于强调领导者的德行与团队纪律，如《象传》所言'君子以容民畜众'，提醒要包容团结、蓄积力量。《断易天机》解为'选择德高望重长者统军方可吉祥'，邵雍则指出需'公正无私，排除万难'。通俗而言，师卦教导我们在面临挑战或集体行动时，应秉持公正、依靠贤能、谨慎行事。
师卦的'丈人吉'具体指什么？,'丈人吉'指由德高望重、经验丰富的长者统率军队或领导团队方能吉祥。如卦辞'师。贞，丈人吉，无咎'，强调领导者的资质直接决定成败。《断易天机》解为'只有选择德高望重的长者来统率军队，才能吉祥无咎'。结合《象传》'君子以容民畜众'，'丈人'不仅指年龄，更象征包容、稳健、公正的德行。传统解卦也指出'用兵乃圣人不得已而为之'，故需贤明统领才能化险为夷。
师卦的象辞'地中有水'怎么理解？,'地中有水'是师卦上坤下坎的卦象，坤为地、坎为水，水藏于地中，喻示军队寓于民众，即'寓兵于农'。此象有三层深意：一、水需地蓄，喻群众需领导者包容团结，如《象传》'君子以容民畜众'；二、水能载舟亦能覆舟，警示师出有名、行正道；三、地顺水险，象征表面平静下暗藏危机，需谨慎应对。傅佩荣解为'包容别人，修行待时'，呼应此象。
师卦对事业发展有什么启示？,师卦对事业启示深刻：当前可能阻力重重、竞争激烈，卦象'坎为险、坤为顺'，意为险中有顺，需以柔克刚。注重团队合作，'容民畜众'要求领导包容下属、凝聚人心；行事正规，'贞'指坚守正道，忌投机取巧；行动果断但忌冒进，如传统解卦'机动灵活，严于律己'。短期需忍耐蓄力，长期必能'化险为夷'。
我最近在找工作，抽到师卦，能给我些建议吗？,师卦暗示求职过程可能波折，但结果可期。卦象'坎险坤顺'，预示你会遇到竞争或等待，但保持耐心和正直就能转顺。'丈人吉'提醒你寻求长辈或经验人士指导，或投靠有实力的平台。如傅佩荣解财运'有财有库，善自珍惜'，求职上需突出你的专业积累（库），并拓宽人脉（容民）。坚持正道，不贪捷径，终会成功。
师卦和婚姻恋爱有关吗？怎么解读？,师卦对婚恋有重要警示：卦辞'师出以律'强调规则与专注，正如恋爱婚姻需慎重、专一。传统解卦'婚恋：慎重、专注，否则会陷入三角纠纷'，暗合'贞'字。象传'容民畜众'则提醒包容对方缺点。若现纠缠，需像'丈人'般大度决断。傅佩荣解家宅'旧亲联姻，可喜可贺'，暗示旧缘可修，但新恋需防兵凶战危般的冲突。
我正面临一个重大决策，师卦能指导我吗？,师卦教导决策三要：一、坚守正道（贞），确保动机纯良，如卦辞'贞，丈人吉'；二、倚重贤能（丈人），听取有经验者意见；三、刚柔并济，坎险坤顺，决策前充分评估风险，行动后灵活应变。《断易天机》警示'忧劳动众'，需避免独断。邵雍言'公正无私，排除万难'，决策应兼顾大局与他人利益，方能吉祥。
师卦中的'丈人'一定是男性吗？女性领导者怎么办？,'丈人'在《周易》时代指德高望重的长者，男女均可适用。卦辞本义是强调德行与资历，而非性别。《断易天机》解为'德高望重长者'，傅佩荣解时运'包容别人，修行待时'同样中性。现代语境下，女性领导者若能包容、公正、稳健，同样符合'丈人吉'之旨。关键在于品德而非性别。
师卦和战争相关，现代生活如何应用？,师卦寓兵于农，现代可引申为团队竞争。职场中如遇项目攻坚（出师），需凝聚团队（容民畜众），领导要贤明（丈人吉），行动要合法合理（贞）。如传统解卦'利他竞争'，忌恶意手段。财运上'有财有库'，指积累资源后谨慎扩张。总之，不论学业、商业，师卦教我们以柔克刚，化被动为主动。
师卦的'贞'字如何理解？,'贞'在师卦中双重含义：一为卜问，二为正固。卦辞'师。贞，丈人吉'即占问军情得正固之道则吉。象传'君子以容民畜众'的'容'与'贞'呼应——包容群众是正，严于律己也是正。邵雍解'公正无私'，传统解卦'以正规行事'。因此'贞'强调动机纯正、行为端正，是师卦吉凶的关键。
学习师卦对我的个人修养有什么帮助？,师卦助益修养：一、包容心态：'容民畜众'教我们像大地蓄水般宽容他人；二、谨慎：坎险提醒言行需谨慎；三、正义感：'贞'要求持守正道；四、坚韧：邵雍'忧劳动众，变化无穷'，磨练恒心；五、领导力：'丈人吉'启发要自我修德以服众。傅佩荣解时运'包容别人，修行待时'，正是修养要义。
师卦在健康方面怎么解释？,师卦健康解读：'地中有水'对应人体，水为肾，地为脾胃。傅佩荣解'腹胀之症，调气无忧'，预示腹胀、消化不良等水土不调之症，需调节饮食与情志。坎为险，需防突发疾病，但坤顺可化。师卦'无咎'，只要及时调养，如顺从正道（贞），即可无忧。建议劳逸结合，避免操心过度。
同样抽到师卦，为什么有人吉有人凶？,师卦吉凶取决于是否契合卦义。吉者，因'贞'（守正）、'丈人'（得贤）、'容民畜众'（团结）；凶者，因逆此道：动机不纯、领导失德、团队涣散。如传统解卦'忌独断独行、投机取巧'。同时，应事不同：求财若积蓄（有财有库）则吉，若冒险则凶。傅佩荣提醒'困难重重'是常态，关键在行为选择。
师卦的'无咎'是什么意思？,'无咎'即没有灾祸，但非吉庆。卦辞'贞，丈人吉，无咎'，意为若做到守正和贤明领导，可免祸。'咎'本义过失，'无咎'是结果平稳。如《断易天机》'只有选择德高望重的长者才能吉祥无咎'。邵雍解'排除万难'也指向消除隐患。师卦整体危险，但正确应对可'无咎'，如同坎水遇坤土，疏导则不溃。
师卦和比卦有什么关系？,师卦与比卦互为综卦（卦象颠倒）。师卦（地水师）讲行险用众、出师征伐，比卦（水地比）讲亲附和谐、众星拱月。师卦是竞争、冲突，比卦是合作、亲比。如《周易》序列：师后比前，喻示'战争之后当行亲比之道'。两卦互补：师卦重领导权威，比卦重群众拥护。傅佩荣解师时运'包容别人'，正是对比卦的呼应。
师卦为什么属于坎宫归魂卦？,八宫卦中，坎宫归魂卦指坎宫第五卦，由本宫首卦坎为水变化而来。师卦上坤下坎，坎水回归本位（下卦），故称归魂。《断易天机》以此定位，并解'师即兵众，只有选择德高望重的长者来统率军队，才能吉祥无咎'。归魂卦象意'魂归本根'，师卦强调回归根本——团结、正道与贤能领导。邵雍所言'公正无私'正合归魂稳定之意。
师卦的'容民畜众'在现代企业如何运用？,'容民畜众'即包容员工、蓄积人才。现代企业运用：1. 容民：允许差异，开放文化，如坤德包容；2. 畜众：培训、储备人才，如地蓄水；3. 领导：效法'丈人'，公正稳健；4. 战略：以'贞'为本，避免恶性竞争。傅佩荣解财运'有财有库'，指人才库是企业财富。师卦提醒：只有容众蓄力，才能在市场出师制胜。
师卦的'坎为水、坤为地'如何对应人体？,坎水对应肾、膀胱、耳；坤地对应脾、胃、肉。师卦上坤下坎，地水相克，提示水土不和之症，如腹胀、水肿、肾虚。《象辞》'地中有水'若过满则泛滥，对应体液代谢失调。传统解卦'腹胀之症，调气无忧'，即通过调理中焦（坤）和利水（坎）来恢复。同时，坎险也提醒注意突发性疾病。
师卦中说'师出有名'，具体指什么？,'师出有名'源自《周易》对师卦的阐释，意为军队行动必须有正当理由。卦辞'贞'即指正义性；《象辞》'君子以容民畜众'，强调为民而战。传统解卦'用兵乃圣人不得已而为之，但它可以顺利无阻碍地解决矛盾，因为顺乎形势，师出有名'。现代引申为任何集体行动（如商业竞争）都应合乎道德法律，才能得道多助。
师卦的'忧劳动众'如何理解？,'忧劳动众'出自邵雍解卦，形容师卦'忧劳动众，变化无穷'，意为面临事务繁忙、辛劳众人，且局势多变。这源于坎险（劳）与坤众（动）的组合。传统解卦'困难重重，忧虑劳苦民众'。但'公正无私'可化之。傅佩荣解时运'包容别人，修行待时'，正是应对之道：在劳苦中修心，以静制动。
比卦说的“吉”具体指什么？为什么卦辞一开始就说吉？,《周易·比卦》卦辞开篇直言‘吉’，是因为比卦象征亲附与团结。下坤上坎，坤为地、坎为水，水附大地，地纳江河，体现相互依赖、亲密无间的自然法则。从《象传》‘地上有水，比’看，这种亲比关系如同国家团结诸侯，具有内在的和谐与稳定。因此，卦辞的‘吉’并非偶然，而是基于‘亲比’本义，强调只要真诚团结、顺势而为，便能趋吉避凶。《断易天机》亦释：‘比为相亲相依附之意，长期如此，无咎而吉。’故初始即昭示吉祥，关键在于后续能否保持初心。
比卦的‘原筮’是什么意思？在占卜中如何应用？,‘原筮’指再次或深入占卜以确认吉凶。王弼注：‘原，再也；筮，决也。’卦辞‘原筮，元永贞，无咎’强调亲比之道需反复审慎、持久坚守。在占卜中，若首次得比卦，可再占一次以验证结果是否稳固；若再次得吉，则预示所问之事根基牢固，可长期坚持。例如事业决策，二次占卜若仍得吉，说明合作或计划有坚实基础，应果断推进。唐代孔颖达疏：‘更以原筮，占其元永贞，方得无咎。’此即提醒：亲比非一时之举，须经反复考量，方能避免短期波动带来的风险。
比卦中‘不宁方来，后夫凶’是什么意思？对现代人有什么警示？,‘不宁方来’指内心不安或周边未归顺者前来依附；‘后夫凶’则喻迟疑不决、迟迟不来者将遭不利。此句核心是告诫：在亲比之时，应主动、及时地融入团结。现代社会中，类似情形常见于团队合作、商业联盟或人际交往——若犹豫不决、错失最佳时机，可能被边缘化或面临风险。例如职场中，当团队形成协作氛围时，消极等待者难以获得资源。卦象上坎为险、下坤为顺，暗示迟疑者将陷入险境。故《象传》强调‘先王以建万国，亲诸侯’，主动方能获吉。反之，如傅佩荣所言：‘后夫凶’警示错失良机的代价。
比卦的‘元永贞’如何理解？在生活中有哪些具体体现？,‘元’为大、‘永’为长久、‘贞’为正固；‘元永贞’连用，强调亲比之道应具备广大、持久、正固三大品质。这是比卦的核心行动指南。生活中，例如婚姻需以‘元’心包容对方，以‘永’志相守，以‘贞’诚维护，方能白头偕老；事业合作中，初始目标要宏大（元），合作关系要久长（永），原则底线要坚定（贞）。《象传》以‘地上有水’为喻，水无择地而流，地无拒水之纳，正是‘元永贞’的自然体现。若只图短暂利益或见风使舵，则违背此道，终将招损。
事业上占到比卦，是吉是凶？要注意什么？,比卦对事业主吉，象征团结互助、成功可期。《断易天机》指出‘众人相贺，荣显之极’，主贵人相助、发展平顺。但需注意：第一，必须主动亲附他人，不可孤军奋战，如卦辞‘后夫凶’所示等待者不利；第二，遵守商业道德与信义，惟利是图将导致损失；第三，选择合作伙伴要谨慎，亲比正人则吉，亲比小人则祸。传统解卦强调‘待人宽厚、正直’，并学习才德高尚者。具体建议：紧盯时机、快速决策（如邵雍所言‘宜速战速决’），同时以诚待人，方可借众人之力成就事业。
比卦对婚姻感情有什么启示？是不是容易找到良缘？,比卦对婚恋极为有利，传统解卦称‘美好姻缘，相亲相爱，彼此忠诚，白头到老’。卦象‘地上有水’，象征情感如水般相融，亲密无间。得此卦者，易遇正缘，且关系和谐。但需注意‘元永贞’的指导：恋爱之初要真心投入（元），相处中要长久经营（永），对原则问题要忠诚坚定（贞）。若一方迟疑或三心二意，则可能应‘后夫凶’之兆，错失佳偶。傅佩荣解‘家宅：百年好合’，更印证此卦对婚姻的吉庆。总之，用真诚与坚持守护感情，自能如愿。
占到比卦，财运咋样？能赚钱吗？,比卦财运亨通，主得朋友相助，获利丰厚。傅佩荣解：‘善人相扶，大发利市。’《断易天机》亦言‘众人相助，荣显之极’。卦象中坎水为财，坤土为众，意味着财富源于人际团结。但须知：第一，不可贪心，惟利是图必招损；第二，需与他人密切合作，遵守信义；第三，若遇小人，反而破财。邵雍总结：‘谋事有成，荣显之极。’故得此卦，应广结善缘、诚信经营，财运自然亨通。但‘后夫凶’提醒：机会稍纵即逝，犹豫不决将失财。
比卦的卦象‘地上有水’象征什么？为什么先王要‘建万国，亲诸侯’？,‘地上有水’象征亲附与包容：水性顺势而下，无择于地，正如领导者以宽厚接纳诸侯；地德载物，广纳江河，正如各国臣服于王权。这种相融关系是团结的根本。因此，《象传》强调‘先王以建万国，亲诸侯’，意为古代圣王效法此象，分封诸侯、建立邦国，通过制度化的亲比达到治理。这既体现亲比的政治意义，也暗含‘以柔制刚’的智慧——如水润物无声，而非强力压迫。对现代人而言，启示我们要善于构建合作网络，以包容心态赢得多方支持。
比卦和师卦有什么关系？为什么说是互为综卦？,比卦与师卦互为综卦（推翻卦象即相互转换），代表同一问题的两个对立统一面。师卦讲‘师出有名’的战争与竞争，强调武力解决冲突；比卦则讲‘相亲相辅’的团结与合作，主张和平共赢。二者相辅相成：竞争（师）之后需要合作（比）来巩固成果；合作中也可能隐藏竞争。例如商业上，先通过师卦的竞争意识占据市场，再以比卦的团结精神维护客户。这种辩证关系体现了《周易》动静相依的核心思想。传统解卦指出：比卦与师卦完全相反，但皆属正道运用，关键在于时机与分寸。
比卦中‘一阳统五阴’怎么理解？对性格有影响吗？,‘一阳统五阴’指比卦唯一阳爻（九五）居于君位，统率五阴爻，象征领袖以刚健中正之德凝聚众人。此结构启示：亲比不是无原则的附和，而是需要核心力量主导。对性格而言，若得此卦，可能体现为：‘九五阳爻’代表决策者应果断、公正，同时‘五阴’要求其包容、柔顺。若你是领导，需既有主见又善纳谏；若为成员，则应追随贤明但保持自我。邵雍曰：‘人情亲顺，百事无忧。’故性格上宜培养亲和力与判断力，避免优柔寡断或刚愎自用。
比卦的‘不宁方来’是不是指自己很不安定？怎么化解？,‘不宁方来’并非指自身不安，而是说原本不安定、未归附的一方主动来亲近。这体现比卦的‘以德服人’之效：当你行亲比之道时，连暂时不安的人也会被吸引。但若你自己内心不宁，则可能源于对亲比的犹豫或恐惧。化解之道：第一，主动观察周围可信任之人，以诚结交；第二，学习‘元永贞’——以广大心量接纳，以长久耐心维系，以正固原则持守；第三，若确因环境动荡，可借卦象‘地上有水’的启示，像大地接纳水流一样先稳定自身，再图发展。最终，亲比可安天下，亦能安心。
占卜到比卦，身体不好怎么解？,比卦在健康方面主心腹水肿（坎水为病，坤为腹），因卦象‘地上有水’暗示水液代谢失调，易有腹胀、浮肿或心血管问题。传统解卦：‘身体：心腹水肿，宜早求治。’但卦辞‘吉’表明后果不严重，及时医治可愈。同时，亲比之道也提示：病者需多获亲友关怀支持（五阴助一阳），避免孤立。治疗上可借鉴水流疏导之法，如利尿、活血等。心态上保持乐观，如邵雍言‘百事无忧’，负面情绪反而加重病情。
比卦对学业有帮助吗？考试前占到好不好？,比卦对学业堪称吉兆。卦象‘地上有水’，水润万物，象征知识相互流通、师生关系融洽。傅佩荣解‘时运：众人相贺，荣显之极’，预示考试易得高分或获得师长推荐。但需做到：第一，主动向老师或同学请教，不可闭门造车（‘后夫凶’暗示被动不利）；第二，注重团队学习，如‘亲诸侯’般组织学习小组；第三，保持诚信与勤恳，不偷懒取巧。邵雍指出‘谋事有成’，故考前静心，坚信集体智慧与自身努力，必有所成。
比卦的‘无咎’是什么意思？是不是完全没灾祸？,‘无咎’是《周易》常用术语，意为没有灾祸，但并非绝对保证，而是有条件达成。卦辞‘原筮，元永贞，无咎’明确指出：前提是反复卜筮以求正道（原筮），并且坚守广大、长久、正固（元永贞）。若能做到，则‘无咎’；若违背，则‘凶’（如‘后夫凶’）。所以，‘无咎’是鼓励行亲比之道的善果，而非免死金牌。如同孔子说‘无咎者，善补过也’，提醒人们主动修正失误。因此，得比卦不可大意，仍需谨慎持守正道。
比卦的‘亲诸侯’对现代人际关系有什么启发？,‘亲诸侯’本指古代君王亲近诸侯以治国，现代可引申为主动建立并维护高质量社交网络。启发有三：第一，要像‘先王’一样有开放胸怀，包容不同背景之人，建立多元关系；第二，亲比需制度（如定期聚会或合作），不可流于口头；第三，选友要慎，亲比正人则如虎添翼，亲比小人则惹祸上身。传统解卦强调‘选择朋友’的重要性。具体行动：主动联系他人，共享资源，并在关键时刻提供支持，自然形成稳固的人脉。
比卦说‘后夫凶’，如果已经错过了时机该怎么办？,‘后夫凶’确实警示错过亲比时机的后果，但《周易》强调变通与补救。若已迟来，卦象‘地上有水’暗示仍有浸润渗透的机会。首先，不要放弃，用‘元永贞’的态度重新争取——以诚意（元）、耐心（永）、妥善原则（贞）再试。其次，可借用师卦的竞争思维，在另一领域创造新契机。此外，《象传》‘建万国’也说明可以开辟新群体，不必固守旧圈。记住比卦本质‘吉’，只要心态积极、主动调整，终能化凶为安。邵雍言‘谋事有成’，即告不放弃者终有转机。
比卦和比肩的‘比’字一样吗？有什么联系？,《周易》比卦之‘比’读作bì，本义为亲近、辅佐；现代‘比肩’之‘比’读bǐ，但同源义通。比卦‘比’指相互依附，与‘比肩’（并肩、等同）的核心意象一致——皆是平等合作的关系。然而比卦更强调上下之间的亲附（如君臣、亲子），而比肩多指同级竞争或协力。二者哲学联系在于：成功的比肩需要比卦的‘亲比’精神——放下对立、真诚合作。邵雍‘人情亲顺’即喻此。故比卦启示：在职场或人际中，若能如比肩般并肩作战，又保持比卦的信任，则无往不利。
比卦有‘亲比’的意思，那是不是所有关系都应该亲近？有没有边界？,比卦强调‘亲比’，但并非无原则滥交。卦辞‘原筮，元永贞’暗示亲比需经过审慎选择（原筮）并坚守正道（贞）。《象传》‘先王以建万国，亲诸侯’也说明建立政治联盟时必有取舍。传统解卦直接指出：若与品行不端者结亲，反成祸患。因此，亲比应有边界：对象要正（如贤者、诚实者），过程要正（以诚相待而非功利），目的要正（互利而非利用）。如孔子言：‘益者三友，损者三友’，亲比之道当近益友远损友。
比卦对于决策有什么指导？是快决策还是慢决策？,比卦对决策的指导可概括为‘谨慎抉择，果断行动’。一方面，‘原筮’要求反复思考、不轻率，以‘元永贞’确保决策扎实；另一方面，‘后夫凶’警告犹豫不决将失先机。因此，最佳策略是：先做足功课（原筮），一旦明确方向，则迅速推进（如邵雍言‘宜速战速决’）。例如投资合伙，应先核实对方信誉（原筮），若确认可靠则尽快合作，忌拖延。传统解卦亦说‘向才德高尚的人学习，听取建议’，即集思广益后当机立断。
比卦说的‘后夫凶’，如果对方是领导怎么办？如何既不失礼又不被动？,面对领导时‘后夫凶’指若迟缓响应领导的召唤或合作倡议，可能失去晋升机会或遭冷落。建议：第一，保持主动，及时反馈和参与团队事务，如‘亲诸侯’般积极；第二，用‘元永贞’原则——态度崇敬（元），持续表现忠诚（永），原则问题不盲从（贞）；第三，若确需时间谨慎，可先行沟通获得默许，避免被动。传统解卦谓‘可得贵人提拔’，但前提是自身主动配合。历史上萧何月下追韩信，正是领导者主动亲比的例子；反之，属下则应如韩信般及早决定。
小畜卦是什么意思？,小畜卦是《周易》第六十一卦，卦象为风天小畜，上巽下乾，象征风在天上吹拂，草木低昂，万物滋长，但力量有限，仅是微小积蓄。卦辞‘亨。密云不雨，自我西郊’表示虽亨通，却如浓云密布却未降雨，需等待时机。此卦提示蓄养实力、隐忍待发，凡事宜耐心推进，不可急躁。
小畜卦的‘密云不雨’象征什么？,‘密云不雨’象征力量尚弱、条件未成熟，如浓云积聚却未成雨，需耐心蓄势。卦中‘自我西郊’指乌云自西而来，暗示局势虽有转机，但雨未至，需静待时机。此意象告诫遇事不可强求，当蓄养品德与能力，待风暴蓄满，自然亨通。
小畜卦对事业有什么指导？,小畜卦于事业而言，时机未至，力有不逮。卦象风在天上，喻才德初积，如风遇天高，虽可远行却力不足。爻辞‘密云不雨’警示勿冒进，宜‘懿文德’即修美文德、蓄积实力。经商慎防损耗，须真诚合作，不得贪心；求名当虚心求教，坚守原则。决策上应忍耐静待，遇挫不灰心，待时发力。
小畜卦如何指导婚恋？,小畜卦于婚恋，象征初结之缘，美中不足。象曰‘风行天上’，喻情如风，和缓却易散。卦辞‘密云不雨’暗示关系未稳，易生口舌。断易指‘阳盛阴不足’，故双方须忠诚，防第三者；家宅小康却防口舌。婚恋宜缓进，积善修德，待情意深厚，方能美满。
小畜卦的哲学含义是什么？,小畜卦哲学核心为‘小蓄而亨’，代表事物初生阶段的有限积累。卦象风天相激，喻内在阳刚遇外在巽顺，须以柔克刚、蓄力待时。象传‘君子以懿文德’强调修道明德，以德蓄力。其深层启示：力量寡弱时勿逞强，当效法风行天上之不躁，以隐忍和坚持成就大事，体现蓄势待发的智慧。
小畜卦的象辞‘风行天上，小畜’如何理解？,‘风行天上’即上巽风、下乾天，风和日暖拂草木，万物勃勃滋长，却只是初期蓄养，故称‘小畜’。君子观此象，应如风行不滞，‘懿文德’即修美文德、推行教化。此象喻示力量有限，须以柔顺之德积累，不急不躁，如风在天，虽无雨却育万物生机。
得小畜卦的人运势如何？,得小畜卦者，运势反覆，力量薄弱，如‘密云不雨’之象。北宋邵雍解‘藏器待时’，宜蓄养实力、耐心推进；傅佩荣指时运平平、受人牵制，财运外表好内耗多。传统解卦认为运势短期难改，有口舌之争，须忍耐静待。决策上虽遇难，但性格坚忍可成事，惟防小人、适可而止。
小畜卦在《周易》中的序位意义是什么？,小畜卦位于比卦之后，《序卦》云‘比必有所畜’，因亲比团结必然带来积累，故受以小畜。此卦承接‘比’的和谐，开启积累阶段，但远未至大畜的盛大。古注以周文王西岐修德喻之，强调虽未得位，却可蓄德化民。其序位揭示事物由合而积、由微至著的必然进程。
小畜卦的断易天机具体怎么解？,《断易天机》解小畜卦为巽宫初世卦，上巽下乾，阳盛阴不足，故为小的阻碍与蓄积。初爻起便陷停顿，但终亨通。象‘风行天上’喻微风吹拂，万物蓄势，但未成雨，宜耐心守正。具体断事：谋事有阻宜等待，财运平平防耗，家宅口舌需忍，身体风火症小心，整体以‘藏器待时’为要。
我想问事业前景是小畜卦，该怎么决定？,若占得小畜卦，事业前景宜守不宜攻。卦辞‘密云不雨’警示力量不足，强行必有险。事业决策上：一是耐心积存实力，如‘君子以懿文德’；二是避免冒险行动，尤忌贪心；三是加强合作，防小人伤害。傅佩荣解‘外表不错，内多耗损’，故内心当稳，待时机成熟再进。历史上周公摄政东征正是以此卦蓄力后发。
小畜卦与‘蓄养实力’的关系？,小畜卦核心即‘小蓄’，由比卦积累而来，但仅初蓄力量。卦象风在天上，虽可催生却力道微弱，喻人力不足，须‘藏器待时’。爻辞‘密云不雨’形象说明蓄养未足，不可释放。象传‘懿文德’强调修德蓄能，正是蓄力的具体方法。故小畜卦是蓄养实力的教科书：隐忍、修德、待机。
小畜卦对学习或成长有什么启示？,小畜卦于学习成长，喻知识德行初积。‘风行天上’如学海无涯，需持续熏习，但不可急于求成。‘密云不雨’象学识尚未融会贯通，宜深度沉淀。邵雍解‘耐心推进’正合长期积累之要。启示：立远大目标，虚心求教，警惕自满，如傅佩荣言‘外表不错，内多耗损’，切勿虚荣满足，方蓄大成。
小畜卦的‘懿文德’具体指什么？,‘懿文德’出自象辞‘君子以懿文德’。‘懿’为美饰，‘文德’指文章道德，即君子观风行天上而自强，修美自身文采与品德。具体包括：推行教化、涵养学问、端正言行。正如荀爽释文王西岐之事，未为天子则修德化民。此乃小畜卦的行动指南：力量不足时，以柔顺之德蓄积内在。
小畜卦为何强调‘忍耐’？,小畜卦强调忍耐因阳盛阴不足，力量寡弱。卦象‘风行天上’，风虽盛却无雨，喻有能而未可施。传统解卦直指‘运势反覆’，急躁则破蓄。邵雍言‘藏器待时’，断易言‘暂时停顿’，皆证忍耐是蓄力前提。如同卦辞‘自我西郊’的云，虽来却须等，不忍受则功亏一篑。
小畜卦财运如何解读？,小畜卦财运，外表不错内多耗损。卦辞‘亨’有财路，但‘密云不雨’示财未实。傅佩荣解‘外表不错，内多耗损’，经商易表面繁荣实则支出大。传统解卦警告有失去危险，宜真诚合作、适可而止。物象风天，财如风来去快，需蓄积守成，不可贪心冒进。
小畜卦的‘小畜’之‘小’怎么理解？,‘小’在卦中指积蓄微小、力量有限。与‘大畜’卦相对，小畜为初始积累。卦象下乾上巽，阳刚被柔顺所蓄，但巽力不足，故称‘小’。《序卦》由比至畜，积始成。周易哲理中，‘小’隐示事物初期隐忍之德，勿以小而不为，待积至大畜方成。
小畜卦告诉君子怎么做人？,小畜卦教导君子：力量薄弱时，当效法风行天上，以柔顺修德。象曰‘君子以懿文德’，即通过美饰文采、推行德教来蓄积内涵。为人须耐心，不急不躁，如云虽未雨，但持之以恒。同时防小人、合众力，以‘亨’的目标自勉。最终以德蓄力，化小畜为大成。
小畜卦与‘蓄势待发’的关系？,小畜卦正是‘蓄势待发’的范本。卦辞‘密云不雨’喻蓄而未发；象传‘风行天上’喻内在力量如风，只待时机。邵雍解‘藏器待时，耐心推进’直接指向待发。细节上，爻辞隐含反复，但终亨，说明蓄势中不可妄动。此卦鼓励人默默积德积能，如箭在弦，待机而射。
小畜卦的吉凶如何？,小畜卦总体吉以‘亨’为质，但过程多反复。卦辞直接称‘亨’，但‘密云不雨’示有阻。断易天机解‘小的蓄积、小的阻碍’终能亨通。传统解卦认为运势反覆、有口舌争斗，但只要积蓄实力、忍耐等待，最终可成。故非大凶，而是吉中带虞，需正德应之。
小畜卦讲‘密云不雨，自我西郊’，西郊有什么特殊含义？,‘自我西郊’中‘西郊’有特定文化意涵。周公据殷周古义，西郊喻文王西岐，表西方为周之故地。此语暗示蓄积自西方开始，如文王修德于西，尚未泽被天下。哲学上西为兑卦，象征缺失不足。故‘密云不雨，自我西郊’意为：乌云自西而来却无雨，喻力量虽聚但未从欲行，需守位待时。
履卦的卦名和卦象是什么意思？为什么说‘履虎尾，不咥人’？,履卦上乾下兑，乾为天、为君，兑为泽、为民，象征上下尊卑分明。卦辞‘履虎尾，不咥人’意为踩到老虎尾巴却未被咬伤，比喻身处险境却能化险为夷。这警示人们行事应如履薄冰、谨慎戒惧，同时遵循礼仪规范，方能转危为安。卦象中天在上、泽在下，体现自然秩序，提示君子要辨明上下之分，安定民心。《断易天机》强调此卦主‘履行’与‘礼’，告诫占者须兢兢业业、遵守礼节，方能化惊为安。
履卦对事业有什么指导意义？,履卦象征事业起步艰难，如同踩虎尾般充满威胁，但若能提高警惕、谨小慎微、脚踏实地，逐步克服困难，终可达目标。卦象上天下泽，提示要遵循上下尊卑的秩序，量力而行，不可急躁冒进。邵雍解‘步履不安，困难危险’警告不可逞强；傅佩荣解‘依序升进，不可攀缘’强调循序渐进。经商需明察市场、待时而动，遵循商业道德，不为小利动摇计划。
履卦对于婚恋的启示是什么？,履卦六三阴爻居阳位，象征以柔承刚，婚恋中双方需安贫乐道、互相谦让，方能和睦相处。卦辞‘履虎尾，不咥人’提示关系虽可能有摩擦，如踩虎尾般危险，但若守礼谨慎，可保无虞。若一方受富贵诱惑，则易生变故，故应保持初心，不为外界所动。白话解‘婚恋：双方安贫乐道，可和睦相处’直接点明关键。
请问履卦的财运如何？,履卦财运呈先危后安之势，如同履虎尾般需谨慎。乾金在上、兑泽在下，金生水但水易泄金，故利益流动需明察。傅佩荣解‘明察货品，待时而售’建议挖掘高价值商品，把握时机。邵雍解‘困难时期，多坎坷不顺’警告不宜急进，应稳扎稳打。传统解卦‘贪得无厌’会动摇计划，坚持商业道德方能获利。
履卦的象辞‘上天下泽，履。君子以辨上下，定民志’如何理解？,象辞以天（乾）喻君、泽（兑）喻民，乾上兑下体现尊卑自然秩序。君子观此卦象，应明辨社会等级、确立礼法，使人民安分守己、不逾矩。邵雍解‘谦虚自重，敬慎事主’强调领导者需以身作则，定民志即稳定民心。这不仅是治国之道，也适用于任何组织，需明确角色和责任，否则如‘瞎眼儿跛脚’者带兵，必然混乱。
履卦六爻的含义是什么？能否简要说说各爻的要点？,履卦六爻从初九到上九描述履险过程：初九‘素履往’强调质朴行事、无咎；九二‘履道坦坦’喻路径通达；六三‘眇能视，跛能履，履虎尾咥人’警示逞强致祸；九四‘履虎尾，愬愬终吉’表恐惧可保吉；九五‘夬履，贞厉’言刚决若失礼则危；上九‘视履考祥，其旋元吉’总结观行验吉、反身则大成。六爻共同核心是‘敬慎戒惧’之道。
履卦的‘礼’指什么？为什么说履卦是讲礼的卦？,《序卦传》‘物畜然后有礼，故受之以履’直接点明履卦核心在‘礼’。古代‘礼’与‘履’同音，礼需人践行。卦象上天下泽，象征等级秩序，礼正是维护这种秩序的规范。断易天机解‘履为履行之意，又寓意礼’，强调行为需合礼。行走（履行）若无礼约束，会如踩虎尾般危险。故履卦既讲实践行动，更强调行动须以礼节之。
履卦和谦卦有关系吗？都讲谨慎，有何不同？,履卦与谦卦都强调谨慎，但角度不同：谦卦重心在‘不居功、自抑’，以柔克刚；履卦重在‘践履守礼’，以敬慎避险。履卦乾刚兑柔，行动如履虎尾；谦卦艮下坤上，山在地下，示人低位。二卦互为补充，谦是内在态度，履是外在行为。若只谦不履，易流于空谈；只履不谦，可能冒进。故《彖传》常并提‘谦尊而光，履信思顺’。
占卜得到履卦，请问近期运势如何？,履卦总体运势为先危后安、有惊无险。邵雍解‘困难时期，多坎坷不顺，不宜急进’；傅佩荣解‘时运：依序升进，不可攀缘’。近期如履虎尾，需步步为营，切忌自负冲动。事业上压力大，但谨慎应对可化解；感情中注意礼节，避免踩雷；财运待时而动。传统解卦‘有惊无险’是核心词，只要守礼量力，终获平安。
履卦如何应用于决策？,履卦提示决策需遵循‘敬慎守礼’原则：一、明确自身定位与上下秩序，如乾上兑下各安其位；二、评估风险，卦辞‘履虎尾’暗示危险须正视；三、循序渐进，邵雍解‘万事不宜急进’；四、虚心纳谏，传统解卦强调倾听他人意见；五、坚持正道，不为私欲动摇。六三爻警示‘眇能视、跛能履’的盲目妄动会招祸，故决策要量力而行。
履卦的哲学含义是什么？它教我们什么人生道理？,履卦核心哲学是‘践履与礼’，即人的行动需受礼义节制。《易经》认为万物蓄积后必须有序运行，礼就是规范。卦象天泽上下，提示自然秩序与人类社会同理。人生道理包括：一、做事如履薄冰，敬畏风险；二、量力而行，不逞强；三、遵守规则（礼），和谐组织；四、实践出真知，卦名‘履’即行动；五、有惊无险，但需谨慎，化危为机。
履卦的‘虎尾’比喻什么？在什么情况下会被老虎咬？,‘虎尾’比喻危险、强势者（如君主、权威）或高压环境。卦辞‘不咥人’指谨慎可得吉；反之，六三爻‘履虎尾咥人’指出逞能冒进会被咬。被咬条件：六三‘眇能视，跛能履’——能力不足却硬撑，违反礼制，如盲人跛脚踩虎尾。另，九四‘愬愬终吉’说明恐惧戒慎可避咬，故失敬、冒进即入险境。
履卦和小畜卦有什么关系？,履卦与小畜卦互为综卦，即上下颠倒（履天泽→履泽天为小畜）。两卦皆一阴对五阳，但小畜六四柔顺蓄止刚势，履六三阴居阳位带刚性，形成‘以刚遇刚’。小畜主‘蓄养’，履主‘践行’，《序卦》言‘物畜然后有礼，故受之以履’，说明小畜为履之基础，物资蓄积后才需礼。二者一停一进，交互为用。
履卦对身体健康有何启示？,傅佩荣解身体：‘疏通气血’。卦象上乾为刚健，下兑为缺，暗示气血需流畅防阻塞。履卦行动如涉险，身体也忌急躁：过度劳累（如虎尾之危）会损伤，宜循序渐进。邵雍解‘困难时期’对应身体免疫波动；传统解‘视力衰退’（眇）、‘跛脚’（跛）警告滥用身体。养生原则：量力锻炼，守规律（礼），如‘素履’保持质朴生活。
履卦的‘愬愬’是什么意思？为什么恐惧反而吉利？,‘愬愬’形容恐惧谨慎的样子。九四爻辞‘履虎尾，愬愬，终吉’内涵：身处险境（踩虎尾）时，恐惧使人戒惧、不敢妄动，从而避开危险。恐惧是智慧预警，非懦弱。《论语》‘临事而惧’与之相通。九二‘履道坦坦’的从容，需以九四戒惧为前提。故‘愬愬终吉’强调：面对压力保持敬畏，谨慎行事可化险为安。
初学者应该如何学习履卦？从哪方面入手？,初学履卦宜从三层面入手：一、卦象结构：上乾下兑，乾健兑悦，乾君兑民，理解尊卑之序；二、卦辞核心：‘履虎尾，不咥人’——危险中求存，关键在守礼；三、爻辞脉络：初九‘素履’始，到上九‘视履考祥’，完整呈现履险过程。可结合《象传》《断易天机》白话解，重点体会‘敬慎’和‘量力’。切忌死记硬背，多联想日常行动中的‘踩虎尾’场景。
履卦中‘履’字为什么是鞋子的意思？和‘礼’有何关联？,《说文》‘履，足所依也’，本义是鞋子。人穿鞋才能行走，故引申为‘践行’。上古礼制中，鞋子象征遵守仪节（如入室脱履示敬）。‘履’与‘礼’音近，《序卦传》遂以‘礼’释履，强调行动须合礼。卦辞‘履虎尾’即以行走喻人生，而礼就是指导步伐的规范。无鞋则伤足，无礼则乱行，故履卦兼含行动与礼仪双义。
履卦的‘眇能视，跛能履’为什么是凶象？,六三爻‘眇能视，跛能履’描写目盲强看、足跛强走，比喻能力不足却勉强行事，且六三阴居阳位（不当位），又处于下卦兑极，与上乾刚相应，急于承担重任。这违背履卦‘量力守礼’精神，自然招祸‘履虎尾咥人’。《象传》‘眇能视，不足以有明也；跛能履，不足以与行也’，点明不自量力之凶，警示人应认清自我缺陷，切勿逞强。
履卦与乾卦有什么关联？,履卦上卦为乾，乾代表天、刚健、君子。履卦继承乾卦‘天行健’精神，但强调实践需谨慎。乾卦九三‘君子终日乾乾，夕惕若’与履初九‘素履往’相通，皆含戒惧。履卦乾上兑下，乾为尊，兑为卑，体现乾卦‘各正性命’思想。另，履卦位列第十，继小畜而来，实为乾卦自强不息在‘践履’层面的具体化——既有刚健之志，又须如履薄冰。
履卦的‘素履’是什么意思？现代生活如何应用？,‘素履’出自初九爻‘素履往，无咎’。‘素’本义未染色丝帛，喻质朴本性。‘素履’指以真诚朴素的态度行事，不假修饰。现代应用：工作保持初心，不被名利诱惑；人际关系坦诚，不虚伪；消费简朴，量入为出；学习踏实，不投机取巧。这符合履卦‘辨上下、定民志’的秩序智慧，素履即安分守己，依本性履行责任，自然无咎。
履卦的‘视履考祥’如何理解？可以用于自我反省吗？,上九‘视履考祥，其旋元吉’意为回顾所行的吉凶徵兆，反身自省则大吉。这是履卦总结：行动后要复盘，总结经验，再调整方向。‘考祥’指考察得失之象。可用于反省：如项目结束后分析成败细节（视履）、检验是否符合礼仪规则（考祥）、若发现偏差及时回头（其旋）。常以此法自省，可提升判断力，避免重蹈覆辙。
豫卦的卦象和基本含义是什么？,豫卦上震下坤，象征雷出地奋，春雷震动大地，催发万物复苏。卦辞曰：“利建侯行师”，意为有利于封侯建国、出兵打仗，代表积极行动、顺势而为的机遇期。《象传》强调先王观此卦象制乐崇德，以声满大地的雷鸣比喻君王威德并施。断易天机认为此卦属震宫初世，雷行地上，万物奋起，宜建功立业、顺势开拓。
豫卦对事业决策有什么指导意义？,豫卦对事业决策的关键启示：一是“利建侯”，即适合建立新架构、奠基立业；二是“利行师”，宜果断行动、主动出击。但需注意卦中雷主动、坤主顺，行动需符合时势，不可冒进。《象传》提醒要“作乐崇德”，即通过德政和制度凝聚人心。断易天机指出此卦利于开业、改行、求事，主吉利亨通，但必须检点得失，避免胡为。
豫卦在感情或婚姻方面怎么解读？,豫卦在感情婚姻方面，家运呈“家庭和合，通亨之象”，预示关系和谐、家庭幸福。但需注意“检点得失，不可胡为”，否则招灾不利。对于胎孕，断易天机说生贵子、安而无灾，子女亲子和睦。整体而言，豫卦鼓励借助和谐氛围主动经营关系，但不可放纵任性，应持守中道。
豫卦对求职考试有帮助吗？,豫卦对求职考试非常有利。卦象雷出地奋，象征能量爆发、脱颖而出。断易天机明确说“求事吉利亨通”“考试上榜有望，宜再努力勿懈”。事业上适合主动求职、改行或开业，都主吉利。但需注意卦中坤为顺，要顺应时机、持续努力，不可骄傲懈怠。
豫卦的哲学含义是什么？,豫卦的哲学核心是“因时而动，顺势而为”。雷出地奋代表自然界从冬藏到春生的转折，君子应效法此象，通过礼乐教化激励民众、建功立业。卦象上震下坤，阳动于下、阴顺于上，体现阴阳交感、万物通达之理。同时，豫卦提醒盛极必衰，需居安思危，正如《象传》所言“作乐崇德”，将成功归功于天地祖先，戒骄戒躁。
豫卦的卦象和名字有什么象征意义？,豫卦的“豫”字本义为愉悦、安乐，也有预备、顺动之意。其卦象上雷下地，雷声振奋大地，万物喜悦，故象征欢乐与行动。先王制乐崇德正是这种欢乐的体现。另外，《周易》中豫卦亦强调“顺以动”，即顺应规律而行动，因此卦辞“利建侯行师”既是鼓励建功，也隐含了“凡事预则立”的哲理。
我最近在考虑是否要创业，占得豫卦，该怎么理解？,占得豫卦创业是大吉之象。卦辞“利建侯行师”直接鼓励开创事业、组建团队；断易天机称“开业者吉利之象”“改行吉”。但《象传》提醒要“作乐崇德”，即创业需以德为先、制度完善，不可急功近利。此外，家运提示“检点得失”，建议做好充分准备，顺势而为，避免盲目扩张。
豫卦对健康或疾病有什么提示？,豫卦在健康方面，断易天机指出“久病不利，注意肠肺及头部之症”，提示慢性病需警惕，尤其关注消化、呼吸和神经系统。但卦象雷出地奋也象征生机，急性病有望康复。整体而言，保持乐观心态、适时行动（如锻炼）有益康复，但不可过度消耗。若在病中，宜调养身心，避免劳心费力。
豫卦和泰卦是什么关系？,豫卦和泰卦有相似又有不同。豫卦是雷地豫（震上坤下），泰卦是地天泰（坤上乾下）。二者都包含下顺上、阴阳交感之意，泰卦强调天地交泰、万物通泰，豫卦侧重雷出地奋、顺时而动。哲学上，豫卦更主动（雷动），泰卦更包容（地承天）。但两者都指向和谐通达，只是豫卦更具行动力，泰卦更重循环平衡。
豫卦的爻辞有什么关键信息？,豫卦爻辞虽未直接给出，但可从卦象推导。初爻“鸣豫”暗示过于自鸣得意易招凶，二爻“介于石”强调坚贞不阿、把握时机，三爻“盱豫”警示迟疑不进或盲目讨好，四爻“由豫”得人才辅助，五爻“贞疾”虽有小碍但终无患，上爻“冥豫”告诫欢乐至极须及时醒悟。整体提醒欢乐顺境中勿忘谨慎，把握分寸。
实际生活中遇到豫卦，应该注意些什么？,实际中得豫卦，应做到三点：一是积极行动，把握“建侯行师”之机，在事业、创业上大胆推进；二是注意“检点得失”，不可因一时顺遂而骄傲放纵，尤其家庭和人际要持中；三是效法“作乐崇德”，成功后懂得感恩和激励团队，避免独乐乐。此外，寻人、失物、诉讼等事，卦象提示寻人可寻，失物难返，诉讼可和解。
豫卦的核心精神是什么？用一个词概括。,豫卦的核心精神是“顺动”——顺应时机而行动。雷出地奋，万物皆悦，但必须遵循自然规律。《周易》强调“天地以顺动，故日月不过”，豫卦正是通过雷的震动和地的顺承，表达在正确的时间以正确的方式行动，才能获得吉利与成功。简言之，豫卦教人：顺势而为，积极作为。
豫卦在家庭关系方面有什么启发？,豫卦对家庭关系非常正面，断易天机说“家庭和合，有通亨之象”，预示家人和睦、幸福圆满。但特别提醒要“检点得失，不可胡为”，否则反招不利。子女教育方面，建议“留心教养，勿使太任性”，因为豫卦的欢乐氛围若失去节制，容易导致纵容。夫妻之间宜共同参与家庭建设（建侯之象），使关系更稳固。
豫卦在投资或财务决策上怎么看？,豫卦对财务决策较为有利。断易天机称“买卖交易有益，得利”“周转可成”，预示短期周转顺利、交易获利。但卦象雷动，可能伴随风险波动，需见好就收。创业或扩大投资是吉兆，但务必“检点得失”，不可贪心。失物方面提示“不会出现”，警示资金或资产一旦流失难回，故需保管妥当。
豫卦对人际关系有什么指导？,豫卦在人际关系上倡导和谐欢乐、以诚相待。卦象雷出地奋，象征以德服人、以乐感化。所以与人合作宜主动建立良好关系（建侯之象），但《象传》强调“作乐崇德”，即通过尊重和感恩维系友谊。断易天机提到“等人会来”“寻人在朋友亲戚家”明示人际通达，但诉讼警告“是非由小事化大”，故需及时沟通，避免矛盾升级。
豫卦在旅行或迁徙方面有什么提示？,豫卦对旅行是吉兆，断易天机说“外出一帆风顺”。卦象坤顺在上，雷动在下，表明出行顺利，目的地或有发展机遇。但也隐含了“预备”之意，出发前做好计划。若问搬迁，豫卦的“利建侯”象征建立新居，也为吉。同理，寻人卦象显示在朋友亲戚处，易有信息。
豫卦和谦卦是相综的关系吗？,豫卦和谦卦是《周易》中一对相综的卦（综卦），豫卦颠倒（上下颠倒）即为谦卦，谦卦颠倒即得豫卦。豫卦强调顺应时机、欢乐进取，谦卦强调谦卑退让、内敛修德。二者互为补充，提示人生需有张有弛：豫卦顺动以开物成务，谦卦退让以保身全德。理解综卦关系对领悟周易智慧很重要。
豫卦的‘利建侯行师’在现代社会怎么应用？,现代社会中，“利建侯”可理解为建立组织、公司、团队或担当领导职责；“行师”比喻积极的市场竞争、项目推进或战略行动。此卦鼓励在合适的时机进行团队建设、创业或大型投资项目。同时需结合“作乐崇德”的思想，即以企业文化、制度规范凝聚团队，并以公益性赢得社会认可。总之，豫卦倡导以德服人、果断行动。
豫卦对待诉讼纠纷有什么看法？,豫卦对于诉讼，断易天机说“是非由小事化大，终可和解”。所以得此卦者若遇纠纷，宜冷静处理，避免激化，最终多能握手言和。卦象雷动有爆发之象，可能起始于小事，但坤顺可化解冲突。因此建议主动沟通、退让一步，利用和谐氛围（作乐崇德）解决问题。
豫卦的变卦或错卦有哪些？,豫卦（雷地豫）的错卦是风天小畜（巽上乾下），综卦是地山谦（坤上艮下）。变卦方面，若初爻动变为震为雷，二爻动变为雷水解，三爻动变为雷地恒等。这些变卦在不同情境下提供具体指引。比如豫卦一爻动时，需防“鸣豫之凶”。了解变卦可更细致把握吉凶演变。
否卦是什么意思？能简单解释一下吗？,否卦是《周易》第十二卦，卦象为乾上坤下，代表天地不交、万物不通的闭塞状态。卦辞‘否之匪人，不利君子贞，大往小来’指出这是小人当道、君子受阻的时期，事业易由盛转衰。象传强调‘君子以俭德辟难，不可荣以禄’，即此时应隐忍修德，远离名利以避祸。断易天机将其归为不吉之兆，邵雍解为‘否极泰来，修德避难’，傅佩荣则提醒诸事不顺，宜守不宜攻。总之，此卦主闭塞压抑，但蕴含转机，需耐心等待时机。
否卦对事业有什么指导意义？,否卦对事业预示逆境和衰退。卦象显示上下不合，易受小人干扰，事业多挫折。传统解卦建议：此时应坚持正道，勿与小人合流，团结志同道合者，自保以等待时机。傅佩荣解财运为‘适宜买入，后可获利’，暗示低位可布局。邵雍强调‘修德避难’，告诫不宜妄动。决策上，意志坚强的奋斗者虽付出高昂代价，终能成全事业。总之，宜采取守势，戒慎恐惧，等待否极泰来。
否卦对婚姻恋爱有什么影响？,否卦对婚恋主节外生枝和挫折变故。卦象天地不交，象征关系闭塞、沟通不畅，易因小人或外部因素导致矛盾。传统解卦指出：若双方充满信心，好结果仍可出现。傅佩荣解家宅为‘仳离之象’，提醒勤俭免祸。建议保持冷静，加强沟通，避免冲动决策。此卦非绝境，只要坚守诚意，耐心化解隔阂，仍能转危为安。
否卦讲‘大往小来’，具体怎么理解？,‘大往小来’是否卦卦辞的核心，意为阳气（大）消退、阴气（小）上升，象征君子之道退隐、小人之道盛行。从卦象看，乾为天（阳）在上，坤为地（阴）在下，阴阳不交导致万物闭塞。邵雍解为‘大往小来，闭塞不通’，傅佩荣则认为此为诸事不顺之兆。白话文解释为事业由盛转衰，利小人而不利君子。此词与泰卦‘小往大来’对应，共同说明泰极否来的循环规律。行动上宜收敛退让，以俭德避难。
否卦‘不利君子贞’是什么意思？,‘不利君子贞’指此时不利于君子坚守正道。否卦中，小人得势，君子受排斥，若固守常规反而易遭祸害。卦象坤下乾上，表示内部阴柔（小人）主导，外部阳刚（君子）被隔阂。象传建议‘俭德辟难，不可荣以禄’，即应隐忍退让，以节俭避祸，不可贪图俸禄。这并非否定正道，而是提醒审时度势，等待时机再行动。传统解卦也强调勿与小人合流，自保以待。
否卦的象传‘天地不交，否’如何理解？,‘天地不交，否’是象传对否卦形态的概括。卦象乾天在上、坤地在下，天气上升、地气下沉，二者不交合，导致万物闭塞不通。这比喻上下隔阂、社会政治混乱。君子观此象，应‘以俭德辟难，不可荣以禄’，即自我约束、远离荣华以躲避灾难。否卦与泰卦相反，泰卦地天交而万物通，否卦则反其道，揭示二元对立与转化的哲理。日常应用时，若遇沟通不畅、局势僵化，可悟此理。
否极泰来是来自否卦吗？怎么理解？,‘否极泰来’源于否卦与泰卦的对立转化。否卦（第十二卦）为闭塞，泰卦（第十一卦）为通达，二者互为综卦，卦形颠倒，体现物极必反的规律。否卦上乾下坤，泰卦上坤下乾，天地位置交换即由不通变通。邵雍明确说‘否极泰来，修德避难’，意指逆境到了极点就会转向顺境。傅佩荣解时运为‘诸事不顺，不可妄动’，但强调忍耐后机会出现。此成语鼓励人在困境中保持信心，等候转机。
否卦对财运有什么提示？,否卦对财运主不利但有转机。傅佩荣解‘适宜买入，后可获利’，说明低位可布局，但需耐心。传统解卦指出经商遇强大对手、信息不灵，宜格外谨慎，坚守守势。邵雍强调‘修德避难’，不可贪求暴利。象传‘俭德辟难’提醒节俭度日，避免高风险投资。整体建议：以保本为先，等待市场转暖，勿冲动决策。若买入，需长期持有，待否极泰来。
否卦提到的‘俭德辟难’具体怎么做？,‘俭德辟难’出自否卦象传，意为用勤俭节约的美德来规避灾难。具体做法：一、生活上，降低消费，储蓄应急，避免奢侈浪费；二、事业上，隐忍退让，不争高位厚禄，保持低调；三、心态上，修炼内省，不为外物所累。傅佩荣解家宅为‘勤俭免祸’，邵雍强调‘修德’。危机时期，此原则可减少他人嫉妒和外部风险，保存实力以待时机。
否卦是凶卦吗？它有没有好的一面？,否卦传统被视为凶兆，卦辞直言‘不利君子贞’，断易天机称‘不吉之兆’。但好的一面在于：它揭示了否极泰来的转化规律，是暂时的低谷而非终点。象传教导俭德避难，培养韧性；邵雍鼓励修德等待；传统解卦指出意志坚强可成全事业。从哲学看，否卦是对泰卦的补充，强调循环中的对立统一。因此，虽表面凶险，却含转机与智慧，提醒人在逆境中修身储能。
否卦对决策有什么建议？,否卦对决策的核心建议是：暂缓行动，忍耐守成。卦象闭塞不通，强行推进易遭挫败。邵雍‘修德避难’即先提升自我；傅佩荣‘不可妄动’。事业决策上，勿与小人正面冲突，团结盟友；经商决策上，以守势为主，等待信息明朗；婚恋决策上，多沟通，避免节外生枝。传统解卦强调‘坚持正道，自保以等待时机’，待时运好转再发力。总之，当前宜静不宜动。
否卦和泰卦有什么关系？,否卦和泰卦互为综卦，是《周易》中对立统一的一对。泰卦为第十一卦，地天交而万物通；否卦为第十二卦，天地不交而万物塞。卦形上，泰是坤上乾下，否是乾上坤下，恰好颠倒。二者体现物极必反的规律：泰极否来，否极泰来。白话文指出‘彼此为综卦，表明泰极而否，否极泰来，互为因果’。傅佩荣解时运也强调此转化。理解这对卦，可悟阴阳消长、盛衰无常的哲理。
否卦‘不可荣以禄’在当下社会怎么应用？,‘不可荣以禄’指在闭塞时期不应追求高官厚禄，以免招祸。当下社会的应用：职业上，不盲目跳槽或强求晋升，尤其避免卷入权力斗争；投资上，不追高，不贪短期暴利；生活上，低调简朴，减少炫耀。傅佩荣解家宅‘不可荣以禄’引申为勤俭免祸，远离名利场。此原则符合现代‘蛰伏’策略，在逆周期时积累实力，待环境改善再进取。
否卦说‘君子以俭德辟难’，为什么是俭德？,俭德在否卦中具有战略意义。天地不交时，资源匮乏、人际紧张，奢侈易招嫉妒和灾难。节俭既能积累物资应对危机，又能降低存在感避免成为靶子。邵雍强调‘修德’，俭是修德的基础。傅佩荣解家宅‘勤俭免祸’直接呼应。此外，俭德培养自我约束力，与‘不可荣以禄’同源，都是被动中的主动应对。此原则超越时代，至今仍是逆境生存的智慧。
否卦对身体健康有什么提示？,否卦对健康主气血不通、需节制。傅佩荣直接解为‘气血不通，节制饮食’。卦象天地不交，对应人体上下不通，易生淤阻之症。传统解卦‘身体’栏也强调这一点。象传‘俭德辟难’可引申为简化生活、规律作息。建议：若感不适，重点调理循环系统，饮食清淡，适度运动以促气机。此卦也提醒情绪调节，避免压抑导致的郁结。
否卦‘大往小来’对投资有什么启示？,‘大往小来’在投资中象征价值缩水、泡沫消退。此时宜保守，卖出高价资产，买入低价标的。傅佩荣解财运‘适宜买入，后可获利’，正好对应低位布局。但传统解卦警告‘信息不灵造成重大损失’，故需调研充分。邵雍‘修德避难’提醒勿投机。综合策略：减仓高危品类，增持防御资产（如现金或必需品），耐心等待市场否极泰来。
否卦对人际关系有什么指导？,否卦指导人际关系要谨慎避害。卦象‘小人主内政，君子靠外’，象征身边易有小人，上下沟通不畅。传统解卦建议勿与小人合流，团结志同道合者。象传‘俭德辟难’内在要求低调，减少社交冲突。决策栏指出‘本人聪慧但不注意人际关系’导致厄运。因此，此时应保持距离，信任筛选，多观察少表态，守住正道，耐心改善。
否卦中‘俭德’与‘辟难’有必然联系吗？,有必然联系。否卦时代，社会政治闭塞，小人得势，名利场合危险。节俭可降低物质欲望和声望，从而减少被攻击的目标。邵雍解‘修德避难’，俭是修德之要；傅佩荣解家宅‘勤俭免祸’。奢侈招摇易引发嫉妒和祸端，而俭朴则无形中化解矛盾。所以，俭德是辟难的实际手段，体现以柔克刚的生存智慧。
否卦说‘不可荣以禄’，那君子应该追求什么？,否卦中，君子应追求内在德性而非外在荣华。象传主张‘俭德辟难’，即修身养性，以节俭为本。邵雍强调‘修德’，傅佩荣则说‘须待时运好转而为’。君子当前应：一、学习提升，积累知识与能力；二、团结同道，共度难关；三、静观其变，避免对抗。传统解卦‘坚持正道’即道德坚守。这与论语‘不义而富且贵，于我如浮云’异曲同工。
否卦对求职有什么建议？,否卦对求职主不顺，暂时不宜强求。卦象‘上下不合’，易遇小人或制度不公。传统解卦‘求名’说条件不成熟，需努力一阵子并得他人帮助。建议：一、降低期望，先求稳定而非高薪；二、避免入职混乱的人际环境；三、耐心等待，可用此期提升技能。邵雍‘否极泰来’暗示低谷后有机会，傅佩荣‘不可妄动’提醒跳槽谨慎。当前宜守不宜攻。
否卦在《周易》中的位置为什么在泰卦之后？,否卦在泰卦之后，符合《序卦传》‘物不可终通，故受之以否’的逻辑。泰卦代表通达至极，但事物不可能永远通畅，必然转向闭塞。否卦紧随其后，体现盛极必衰的规律。从卦象看，泰卦地天交而后演变否卦天地不交，是阴阳消长的自然过程。这一顺序教导人们正视逆境是常态，并学会在泰时防否、否时待泰。邵雍‘否极泰来’正是此循环的总结。
同人卦的‘同人于野’是什么意思？,同人卦中‘同人于野’象征在广阔的原野上聚合众人，强调超越小团体、家庭或宗族的局限，实现更大范围的和同。卦辞说：‘同人于野，亨。’这意味着心胸开阔、志向远大者，能团结各方力量，行事通达。象传以‘天与火’为喻，火性升腾与天相合，启示君子应破除狭隘，分辨物类，求同存异。在人事上，此爻注重公正无私，适合合作、外交或开拓事业，利涉大川，即能克服艰难险阻。
同人卦对事业合作有什么指导？,同人卦对事业合作极为有利，卦辞强调‘利君子贞’，即坚守正道可获吉。此卦显示‘二人同心，其利断金’，与人共事时，需心怀坦诚，目标一致。象传说‘君子以类族辨物’，提醒在合作中要分清类别、辨别善恶，既要团结多数，又要坚持原则。得此卦者，宜主动拓展人脉，与志同道合者携手，可获长辈或贵人提携。经商上以合资、合伙为佳；求职时得朋友推荐易成功。但需注意防范虚伪之徒，保持诚信。
同人卦对感情婚姻的启示是什么？,同人卦对婚恋强调‘和同’之道，因离火在下、乾天在上，象征爱情的光明与热烈。卦辞‘同人于野’引申为婚恋中应开阔心胸，不以门户之见束缚，注重精神契合。传统解卦指出‘多情、善交际’，故异性缘分多，但需慎重选择，维护双方和谐。象辞‘类族辨物’提醒要明辨对方品性，求大同存小异。若已恋爱或已婚，此卦有利家庭和睦，因‘上下和同’。若遇争执，宜主动沟通，避免猜疑。
同人卦‘利涉大川’在现实中指的是什么？,‘利涉大川’在本卦中象征凭借团结合作可克服重大困难、成就大事。大川比喻险阻或未知领域，如创业、远行、重大项目等。卦象上乾下离，火光照天，预示前景光明，众人齐心则无往不利。从象传‘天与火’看，团结如日月行空，能照亮前路。断易天机云‘所求皆得’，指在合作中敢于进取。但前提是‘利君子贞’，即行为端正、目标正当，否则虽险可渡亦难长久。
同人卦的‘君子以类族辨物’如何指导日常行为？,‘君子以类族辨物’出自同人卦象传，意为君子应效法天火光明，分辨事物类别和族群特性，从而有效团结众人。日常中，这意味着：第一，要认清自己和他人的身份、立场，避免盲目合群；第二，在团队中求同存异，尊重差异；第三，辨别善恶是非，不因附和而丧失原则。例如工作中，需区分同事专长，合理分工；社交中，选择志同道合者深交。此原则有助于达成高效协作，实现‘天下大同’的理想。
同人卦是吉卦吗？得此卦要注意什么？,同人卦整体为吉，卦辞直言‘亨’，邵雍谓‘所求皆得，无不称心’，断易天机也说‘主事事称心’。但吉中藏有警示：卦象上乾下离，火性虽上升，若遇阴爻则易生猜忌（如九三‘伏戎于莽’）。得此卦者，宜主动与人合作、广结善缘，但需防止小人间隙。傅佩荣解提醒‘朋友支持，升迁顺利’，但体检可能预示燥热之症。故要既积极又谨慎，坚持正道，避免因过于乐观而招致损失。
同人卦中隐含什么哲学思想？,同人卦核心哲学是‘和而不同’与‘天下大同’。上乾下离，天火相合，喻示不同事物可达和谐统一。孔子在《系辞》中说‘二人同心，其利断金’，强调同一目标的巨大力量。同时，象传‘类族辨物’要求分辨差异，非无原则融合，蕴含辩证思维。它反对宗派主义，提倡普世团结，但又承认物类有别。这种思想对现代管理、国际关系等有指导意义，即通过求同存异实现共赢。
工作遇到瓶颈，占得同人卦，该如何做？,得同人卦遇瓶颈，是转机之兆。卦辞‘利涉大川’提示借助团队力量突破。您需：1. 主动沟通，争取同事或上级支持，避免单打独斗；2. 象传‘类族辨物’指导您分析问题本质，区分主次，规划路径；3. 坚持‘利君子贞’，以正道行事，不投机取巧。传统解卦说事业‘顺利、平安’，合作方有成效。建议尝试跨部门协作或寻求导师指点，忌固执己见。如条件允许，可调整策略，迎合大势。
同人卦的‘野’字象征什么？,‘野’在同人卦中象征广阔、无界的环境，与‘城’相对。‘同人于野’强调超越家族、地域等小圈子的限制，在更开放的空间团结众人。字义上，‘野’指郊野，引申为天下、大众。此卦以‘火’（离）照‘天’（乾），如同光热普照万物，故‘同’之范围应当广大无私。在人生层面，它启示胸怀宽广，不拘一格降人才；在决策上，提倡公平公正，适合国际性、公共性事业。
同人卦如何用在团队管理中？,同人卦为团队管理提供核心法则：第一，‘同人于野’要求管理者打破部门壁垒，建立跨层级沟通机制；第二，‘类族辨物’指导根据成员特长分工，并保持整体目标一致；第三，‘利君子贞’强调以诚信和公正凝聚人心，避免拉帮结派。象传‘天与火’喻示领导明德如天，执行者热情如火，上下同欲。实际可开展团队建设活动，鼓励意见交流，并确保奖惩透明。得此卦者，团队协作效率极高。
同人卦中的‘离’和‘乾’具体指什么？,同人卦下离上乾。乾为天、为君、为阳刚，象征创造、领导力、光明；离为火、为臣民、为依附，象征文明、热情、智慧。‘天与火’的组合表示君与臣、上与下意志统一。在人体，乾代表头脑，离代表心，寓意心智和谐。在自然中，火向上燃烧与天相应，比喻下级主动向上看齐。整体上，阴阳交感，但阳（乾）为主体，阴（离）为从属，强调统一领导下的协作。
想知道同人卦对财运的影响？,同人卦对财运大吉，傅佩荣解直言‘合资有利，可以进取’。卦辞‘利涉大川’可解为跨地域或合作投资易获成功。象传‘天与火’如市场广阔、商机光明。但需符合‘利君子贞’，即取财有道，诚信合作。传统解卦指出经商宜‘公平竞争’，得应得之利。得此卦者，可考虑与人合伙、拓展新市场，或借助人际关系促成交。忌贪图独利，宜利益共享，方能长久。
同人卦和‘大同世界’有什么关系？,同人卦体现‘大同’理念的核心。《礼记·礼运》‘天下为公’即此思想。卦象天火光明遍照，象征平等、博爱。‘同人于野’指聚合天下之众，无分彼此。孔子曰‘君子和而不同’，而‘同人’追求更大范围的同，但通过‘类族辨物’保持内部多元。北宋邵雍谓‘人类相亲，与人和同’，即此。此卦鼓励打破隔阂，建立和谐共同体，是儒家理想社会模型在易经中的投射。
同人卦的‘亨’和‘利贞’是什么关系？,‘亨’与‘利贞’在卦辞中递进关联：‘同人于野’本身导致‘亨’（通达），但通达需以‘利君子贞’（利于君子守正）为前提。这揭示：团结（同人）能带来成功，但成功必须建立在正义基础上。若为恶而合，虽亨不长久。象传‘类族辨物’即辨别是非，贞即是正。故整句强调：以开放胸怀合作，以正道约束行为，方能真正亨通。傅佩荣解‘朋友支持’体现亨，但‘燥热之症’是守正不足之象。
如何理解同人卦中的‘同’与‘异’？,同人卦强调‘同’但暗含对‘异’的尊重。卦名‘同人’突出目标统一，但象传‘类族辨物’要求识别差异，即‘异中求同’。《周易》哲学认为，纯同则无变，纯异则乱。上乾下离，天火虽异却可相济。六爻中，初九‘同人于门’限于家族，九三‘伏戎’因猜忌生异，九五‘同人先号咷而后笑’则历经冲突达至真同。故知‘同’并非消灭分歧，而是通过沟通和原则协调差异。
同人卦占卜感情走势，下一步该如何？,占得同人卦，感情走势总体积极。卦辞‘同人于野’提示宜拓展社交，可能遇到合适对象；对于已有伴侣，则需加强共同活动。象传‘类族辨物’建议看清对方本质，若志趣相投则吉。传统解卦说‘多情善交际’，但‘需慎重选择’。下一步行动：主动创造和谐氛围，避免猜忌；可公开表达心意或增加约会。但需谨防‘伏戎于莽’（九三爻），即隐藏的竞争或矛盾，应直接沟通化解。
同人卦为什么是‘归魂卦’？,在周易六十四卦体系中，同人卦是离宫归魂卦。‘归魂’指游魂归来，象征事情回归根本或人心团聚。离宫卦主火，火性炎上，同人卦下离上乾更促进火气归天，故为归魂。此卦强调‘和同’，即分散的力量回归统一。断易天机云‘同人卦象征交结情深’，即众志归一。得此卦，事态趋向稳定，旧有分裂得以弥合，适合反思和整合资源。但也暗示人心易聚易散，需加珍惜。
同人卦中‘火’的象征意义是什么？,同人卦下卦离为火，象征光明、文明、热情和依附。火性向上，与乾天合一，代表主动追求和谐。在人事上，火喻指人内心的温暖、智慧与感染力，能团结他人。象传‘天与火，同人’，以火照亮天道，喻示君子应以文明辨物。火还代表礼仪、文采，故同人卦提倡以礼相待。在身体上，火对应心与小肠，傅佩荣解‘燥热之症’提醒情绪不宜过亢。
在同人卦中，‘天’的象征作用是什么？,同人卦上卦乾为天，象征刚健、创造、权威和普遍法则。天高高在上，普照万物，代表领导者的胸怀和原则。乾主动，使火（离）能够升腾，喻指强有力的统一意志。象传以‘天与火’比喻君臣同心，天为君、火为臣民，天提供方向和框架。在个人层面，天象征理性与远见，指导行事以正道。若无天乾，则火无依；同理，团队若无明确领导或正确宗旨，则合作易散。
占卜跳槽得同人卦，应如何决策？,占得同人卦，跳槽决策宜合作导向。卦辞‘利涉大川’表明跨领域或新环境有机会，但需借助他人之力。象传‘君子以类族辨物’提示对新单位要做充分调查，寻找价值观匹配团队。财运上说‘合资有利’，若新公司提供合伙或股权机会则佳。传统解卦‘得此卦者，与人合作共事更佳’，故跳槽后应快速融入团队。但爻辞有‘伏戎于莽’之戒，注意面试时隐瞒问题。总之，积极沟通，坚持正道，可望成功。
大有卦的卦辞是‘元亨’，是什么意思？能简单解释一下吗？,大有卦卦辞‘元亨’意为极为亨通顺利。此卦上离下乾，火在天上，光明普照，象征盛大富有、万物丰盈。‘元’指初始、根本，‘亨’指通达，合在一起表示事物从一开始就处于通达顺遂的状态，如同太阳初升即光芒万丈。但需注意，大有卦虽吉，却强调‘顺天休命’，即顺应天道、止恶扬善，才能保持长久亨通，否则盛极必衰。
我最近在创业，占得大有卦，请问对事业有什么指导？,大有卦对事业非常有利，象征已进入兴旺发达阶段。卦象火在天上，光明照耀，事业有成，但《象传》强调‘遏恶扬善，顺天休命’，提醒你不可得意忘形。需克制贪财心理，坚守诚信，公平待人，且应时刻关注市场动向，适时调整策略。朋友众多虽有帮助，但也要警惕小人。总之，保持谦虚谨慎，大而不盈，事业可更上一层楼。
大有卦的‘遏恶扬善，顺天休命’具体该怎么理解？,这句话出自《象传》：火在天上，君子观此卦象，应效法火之光明，洞察善恶，抑制邪恶、弘扬善行，顺应天道自然以保万物性命。‘顺天’不是被动服从，而是尊重客观规律；‘休命’指让天命自然成就。在大有之时，人易骄纵，故需主动止恶扬善，以此维持好运。这既是道德要求，也是趋吉避凶的智慧。
求问感情，占得大有卦，是不是代表我能找到好对象？,大有卦在婚恋方面主吉，条件优越，可供选择者多。卦象火在天上，光明普照，象征你自身特质吸引人。但需慎重选择，不可因选择多而轻率。爻辞提示‘公用亨于天子，小人弗克’，寓意要坚守中正，避免因贪图虚荣而误入歧途。同时要尽力维护家庭和谐，因‘积善之家，必有余庆’，善行能稳固感情。总体而言，机遇很好，但需用心经营。
大有卦的财运怎么样？能发财吗？,大有卦财运极佳，卦辞‘元亨’即暗示财源亨通。傅佩荣解：‘财运放手去做，财富自来。’但需注意《断易天机》提示‘丰财利义’，即财富须与道义结合。邵雍言‘持盈保泰’，告诫不可贪婪。经商应克制贪欲，确守诚信，公平交易，并关注市场动向。若能遏恶扬善，则财运长久；若骄纵妄为，恐盛极而衰。
大有卦的卦象是火在天上，这有什么象征意义？,大有卦上离火下乾天，火在天上，象征太阳高悬，普照万物，光明遍及四方。这一卦象有三层含义：一是光明磊落，行事应如阳光般坦荡；二是丰收富足，如阳光使万物生长；三是警示，日中则昃，盛极必衰。君子观此，应效法火之明察，抑恶扬善，并顺应天道。此象也暗示依靠众人力量（如火藉薪传）才能成就大业。
我是公务员，占得大有卦，对我的仕途有什么启示？,大有卦对仕途主吉，象征声望提升、事业有成。卦象火在天上，如政绩明达。但《象传》强调‘遏恶扬善’，提醒你为官须明辨是非，抑制邪恶，弘扬善政。‘顺天休命’指顺应民心和自然规律。切忌因权势而骄横，应效法火之光明，公正无私。‘求名’断辞说：‘有小名气，切勿停顿，需在正直朋友帮助下更上一层楼。’
大有卦的‘顺天休命’和‘遏恶扬善’有没有先后关系？,二者相辅相成，但‘遏恶扬善’是手段，‘顺天休命’是目的。首先须通过抑制邪恶、发扬善行来净化环境，使行为合于天道，然后才能‘顺天’，即顺应自然规律，从而让天命（发展大势）自然成就。这类似《大学》‘修身齐家治国平天下’的次第。若不行善遏恶，则‘顺天’为空谈，‘休命’亦成奢望。
大有卦和同人卦是什么关系？,大有卦紧随同人卦，《序卦传》说：‘与人同者，物必归焉，故受之以大有。’意为团结众人（同人）后，物产自然丰富，从而大有收获。两卦互为因果：同人讲求协作与认同，是过程；大有讲求丰盛与拥有，是结果。同人卦强调破除隔阂，大有卦则强调在丰裕时保持德行。二者的共通点是‘仁’，先得人心，后得财富。
占得大有卦，但身体不适，应该注意什么？,傅佩荣解此卦身体为‘虚火上升，小心诊治’。卦象上离火下乾天，火在上喻示火气上炎，可能导致头晕、目赤、失眠等‘上火’症状。需注意清热降火，避免过度劳累和情绪焦躁。同时，《象传》‘遏恶扬善’也暗示要戒除不良生活习惯（如熬夜、暴食），弘扬养生之道。盛极之时更应调养，以防物极必反。
大有卦的‘元亨’和乾卦的‘元亨利贞’有什么异同？,乾卦‘元亨利贞’四德俱全，强调创始、通达、和谐、坚固的完整过程。大有卦只提‘元亨’，但基于其卦象‘火在天上’，可理解为以光明通达为核心。大有卦也有‘贞’的内涵，如爻辞‘匪其彭，无咎’暗示坚守中正。区别在于：乾卦普遍适用于天道，大有卦则特指盛大情境下的亨通，且需警惕盛衰转化。
大有卦对决策有什么具体建议？,大有卦建议决策时把握三大原则：一是光明正大，效法火之明察，全面掌握信息；二是遏恶扬善，排除错误选项，弘扬正道；三是顺天依时，尊重客观规律与时机。卦象强调以刚健（乾）行为追求光明（离）目标。具体到《传统解卦》：事业有成时‘戒惧谨慎’，经商‘注意市场动向’，求名‘在朋友帮助下前进’。总之，决策需兼顾进取与保守。
大有卦的‘柔得尊位’是什么意思？,‘柔得尊位’出自《断易天机》，指大有卦六五阴爻居君位，以柔顺之德统领五个阳爻。六五虽阴柔，却能居尊位，象征以谦柔、包容、明察之特质赢得众人拥戴。正如火性虽柔（不具强制力），却能照耀万物。这启示领导者不必刚暴，而应以柔和之道凝聚人心，所谓‘柔能克刚’。同时，下卦乾卦刚健，体现内外兼修。
大有卦讲‘大有收获’，那是不是不用努力也能成功？,绝对不是。大有卦虽吉，但强调‘顺天休命’的前提是‘遏恶扬善’，即主动修养德行。《传统解卦》明确指出‘最忌得意忘形，胡作非为’，须‘戒惧谨慎，兢兢业业’。此卦本质是鼓励在光明方向下刚健奋斗（乾为健）。邵雍解‘持盈保泰’也要求持续努力。坐享其成只会导致盛极而衰，这是大有卦的核心警示。
大有卦的爻位初九、九二一直到上九，哪个爻最重要？,在卦象解读中，六五爻最为重要。爻辞‘厥孚交如，威如，吉’，以柔顺诚信结交众人，自然生威，是大有卦‘柔得尊位’的体现。但各爻均有意义：初九强调不涉害；九二大车载物；九三公侯受享；九四自我降损；上九自天祐之。整体看，六五为枢纽，连接上下，体现中庸领导智慧。因此，该爻最需关注。
占问求财，得大有卦，但我怕盛极而衰，该怎么办？,你的谨慎正是大有卦的智慧。邵雍解‘持盈保泰’即守成防衰。具体做法：一是‘遏恶扬善’，不贪不义之财；二是‘顺天休命’，顺应市场规律，不逆势强求；三是遵循爻辞‘匪其彭’（谦抑），不炫耀财富；四是广结善缘，因‘与人同者，物必归’。只要克勤克俭，防微杜渐，则可在鼎盛期持续积累，避免盛极而衰。
大有卦的‘火在天上’和‘明烛四方’怎么帮助日常生活？,‘火在天上’启示我们要保持光明磊落的心态和行动，在人际中坦荡无私；‘明烛四方’要求我们像阳光一样洞悉事物，明辨是非。生活中，面对利益（火）时，应以道德（天）为基，如此可避免迷失。例如：收入增加时，不忘初心；遇到诱惑时，以‘遏恶扬善’自省。此卦教导我们在富裕时仍要清醒，以智慧驾驭物质。
大有卦暗示天命所归，是不是代表我做什么都会成功？,‘天命所归’并非命中注定，而是指行为合道后自然得到支持。卦象强调‘顺天休命’，‘顺’是主动顺应，‘休’是自然成就。成功取决于你是否‘遏恶扬善’、‘文明刚健’。若不顾道义任意妄为，即使开局再好（元亨）也难持续。所以大有卦不是宿命论的保证，而是对主观修德的鼓励——你越符合天道，成功概率越高。
大有卦的‘君子以遏恶扬善’在现代社会怎么实践？,在现代，‘遏恶扬善’可理解为自己和社会两个层面。对己：抑制贪念、嫉妒等恶习，培养诚信、勤奋等善德。对社会：在职场中抵制不公，弘扬正气；在生活中见义勇为，传递正能量。例如：不参与投机取巧，主动帮助同事。此卦还强调‘顺天休命’，即尊重环保、法律等自然与社会规律，让善行形成良性循环。
大有卦是归魂卦，有什么特殊含义吗？,大有卦为乾宫归魂卦，归魂象征事物回归本源、安顿稳定。在占卜中，归魂卦多主稳定、迟缓，但大有卦因‘柔得尊位’而亨通。归魂意味虽鼎盛却应内敛，如《象》言‘顺天休命’，不求激进扩张而求安宁守成。相比游魂卦的变动，大有卦强调在丰收后修养德行，以固根本。所以，它既是财富卦，也是修身卦。
谦卦的卦象是什么？它有什么象征意义？,谦卦的卦象是上坤下艮，坤为地，艮为山，地中有山，内高外卑，象征谦虚美德。此卦强调谦逊处世，内虽如山般高峻，外表却如大地般低平，寓意功高不自居、名高不自誉、位高不自傲。爻辞开篇即言‘谦亨，君子有终’，表示谦逊之人可获亨通，终有成就。象传云‘地中有山，谦。君子以裒多益寡，称物平施’，提醒君子取多补少、公平施予，是谦卦的核心行动指南。
谦卦的“谦”字具体怎么理解？,谦卦的‘谦’字，由‘言’与‘兼’组成，意指言语含蓄、不张扬，兼收并蓄、不偏颇。在卦象中，艮山本高耸入云，却屈居于坤地之下，正是‘谦’的形象表达：内心充实坚固（如山），外表平易柔和（如地）。《周易》认为谦是‘尊而光，卑而不可逾’，即谦逊者虽处卑位，其德行却熠熠生辉，无人能超越。北宋邵雍概括：‘谦和忍让，尊人自卑；利用谦虚，万事可达。’
谦卦为什么是亨通吉利的？,谦卦亨通吉利，核心在于‘谦’为诸德之基。卦象地中有山，内高外卑，寓意以柔克刚、以退为进。《断易天机》解此卦为‘兑宫五世卦’，内外皆含谦虚之象，故吉。爻辞‘谦亨，君子有终’直接点明谦逊可致亨通，且君子终将成就。傅佩荣解时运：‘眼前平顺，步步高升。’邵雍亦言：‘谦受益，满招损。’因此谦卦警惕骄横，提倡虚心，方向正确自然吉利。
谦卦对事业有什么指导意义？,谦卦对事业的指导核心是‘内高外卑，厚德载物’。卦象山在地中，象征才能卓越却低调务实。传统解卦指出：‘事业尚未被人器重，但因品德高尚，终会为人发现。’初入职场者应埋头苦干，不刻意表现，保持谦逊，自然获得贵人相助。经商亦如此：‘较为顺利，但不会获暴利，须逐步积累，诚心合作，遵守商业道德。’成功时更需谦逊，避免骄横招败。
谦卦对婚恋有什么启示？,谦卦对婚恋的启示是‘双方共同努力，以谦和相待’。《象辞》云‘地中有山’，象征内在坚实的外在柔和，夫妻相处应相互尊重、平等沟通。周易解卦指出：‘美满的婚姻应由双方共同去努力争取。否则，恋爱不成功，家庭不能和睦。’若一方居高临下，则失衡；倘若像山一样敦厚可靠，像地一样包容承载，则关系稳固。谦卦强调‘称物平施’，即付出与回报对等，是维系婚恋的智慧。
谦卦对决策有什么帮助？,谦卦对决策的指导在于‘谦逊审慎，集思广益’。卦象山在地下，内明外柔，决策者应内心坚定如山，外表谦和如水，听取多方意见。爻辞‘君子有终’提示谦逊的决策往往带来圆满结局。传统解卦：‘具有内高外低的谦虚美德，善于团结他人，也能得到别人的帮助，事业很顺利，遇到困难很快可以化险为夷。’因此重大决策前，需避免刚愎自用，秉持‘裒多益寡，称物平施’的原则权衡利弊。
谦卦的《象传》‘地中有山，谦’怎么理解？,‘地中有山，谦’是谦卦的卦象解读：坤为地、艮为山，山本应在地面之上，却沉入地中，构成内高外卑之态。这比喻有真才实学（如山之高）却谦恭处下（如地之卑）。象传接着说‘君子以裒多益寡，称物平施’，君子观察此象，当削减多余以补不足，公平施与。这既是修身之道，也是治理法则——谦逊者不恃强凌弱，反而周济他人，故能亨通。
谦卦与大有卦有什么关系？,谦卦和大有卦在《周易》卦序中相连：同人之后接大有，大有之后接谦。实际上，谦卦位于大有之后（第十五卦谦，第十四卦大有），但文本中误嵌入了大有卦描述。正确关系是：大有卦（火天大有）象征丰收富有，若不知谦迎则必生祸端，故谦卦紧随大有之后，告诫富贵后当以谦逊持守。谦卦的‘裒多益寡，称物平施’正是对大有之富的平衡之道。
谦卦爻辞有哪些核心要义？,谦卦爻辞以‘谦’为主线，层递揭示谦之境界。例如初六‘谦谦君子，用涉大川，吉’，强调极度谦逊可渡险；六二‘鸣谦，贞吉’，谦逊之名远播仍守正；九三‘劳谦君子，有终吉’，有功而谦，终获吉；六四‘无不利，撝谦’，发挥谦德无所不利；六五‘不富以其邻，利用侵伐，无不利’，谦逊中亦含刚毅；上六‘鸣谦，利用行师，征邑国’，谦极而用兵，亦得宜。全部爻辞皆吉，可见谦道之大利。
谦卦的‘君子有终’是什么意思？,‘君子有终’出自谦卦卦辞，意思是谦逊的君子最终会有所成就。‘终’指结局圆满、目标达成。朱熹释：‘谦者，有而不居之义。’君子如山之高而不自傲，如地之卑而能承载，故能善始善终。傅佩荣解：‘谦虚忍让者前途大好，骄横者必招败。’反面印证：傲慢者虽暂得，终将失；谦虚者虽暂隐，终必显。因此‘有终’不仅是结果，更是品德升华的自然回报。
谦卦对健康有什么寓意？,谦卦对健康的启示是‘内郁之症，放宽心胸’。卦象地中有山，山被地压抑，对应身体可能因情绪郁结导致不适，如胸闷、消化不良。傅佩荣解身体：‘内郁之症，放宽心胸。’《象传》‘裒多益寡’亦暗示调节自身平衡：排解过多压力（多），补充正能量（寡）。保持谦逊心态，不争不躁，气血自然和畅。若已患病，谦卦警示勿自恃强健，应及时就医。
谦卦的财运怎么样？,谦卦财运平顺但需谨慎。傅佩荣解财运：‘物价合理，利益保障。’意指谦逊经商，利润虽不暴富，但稳定可持续。传统解卦：‘较为顺利，但不会获暴利，须逐步积累，诚心合作，遵守商业道德。’卦象山在地中，财如山积却隐而不露，宜低调理财，积累长远。若骄横贪快，如将山推出地面，反易崩塌。因此谦卦理财智慧是‘裒多益寡’：有余时助人，不足时求助，财源循环流通。
谦卦为什么被称为‘六爻皆吉’的卦？,谦卦之所以‘六爻皆吉’，因其全部爻辞均无凶险或不利。初六‘吉’，六二‘贞吉’，九三‘有终吉’，六四‘无不利’，六五‘无不利’，上六‘利’（利用行师）。这源于谦卦内核至高：谦逊是众德之基，能化解矛盾、招来助缘。《彖传》赞：‘天道亏盈而益谦，地道变盈而流谦，鬼神害盈而福谦，人道恶盈而好谦。’天地鬼神皆助谦者，故谦卦全吉，在《周易》六十四卦中独一无二。
谦卦与‘满招损，谦受益’有什么关系？,‘满招损，谦受益’源自《尚书》，与谦卦核心思想完全契合。谦卦的卦象、爻辞处处阐明此理：山高而屈居地中，是‘谦受益’的象征；若山高而突兀（满），必遭侵蚀崩塌（招损）。邵雍解卦直接引用：‘谦受益，满招损。’传统解卦亦强调：‘谦虚忍让者前途大好，骄横者必招败。’因此谦卦正是‘满招损，谦受益’的卦象化表达，二者互为注脚。
谦卦对求学业有帮助吗？,谦卦对求学大有裨益。传统解卦：‘天资聪明，但因性格不善于表现自己，起初往往被埋没，自己只要不灰心，继续努力钻研业务，保持谦逊好学精神，更大的成功正在未来。’卦象山在地中，象征学问深藏而不张扬，正是学子应有态度。初六‘谦谦君子’，求学需极度虚心；九三‘劳谦君子’，勤勉而谦则必有成就。不与同学争一时高下，重在积累，方能致远。
谦卦为什么是兑宫五世卦？,谦卦在《断易天机》中被归类为兑宫五世卦，这是基于京房八宫卦体系的推算。兑宫八卦由兑为本宫，依次演变，谦卦是第五次变化所得‘五世卦’。五世卦通常象征事物发展至中期，地位稳定但仍需谨慎。谦卦谦逊特性恰好匹配这一阶段：已有根基（如山），却要屈居低位（如地），正是守成之道。作为五世卦，谦卦吉象强烈，预示稳步前进。
谦卦的九五爻为什么是‘不富以其邻’？,谦卦六五爻辞‘不富以其邻，利用侵伐，无不利’，讲的是虽不凭借财富或邻里支持，但若出于正义可进行征伐。‘不富以其邻’并非贫穷，而是不以财富骄人、不依赖于邻里（盟友），显示谦逊者不仗势欺人。朱熹注：‘以柔居尊，能谦者也。’但谦非一味退让，当正义被侵犯时，亦有威严。六五爻警示：谦逊当有原则，必要时果断行动，方‘无不利’。
谦卦如何应用于日常生活？,谦卦应用于日常生活的精髓在于‘内高外卑，裒多益寡’。内心保持修养与自信（如山），外在言行谦和礼貌（如地）。交往时尊重他人，不炫耀才能；遇到纷争，先退一步。象传‘称物平施’指导我们：收入多时主动分享，不足时坦然接受帮助。居家宜近山（自然），合家平安（傅佩荣解）。谦逊不是自卑，而是智慧：如大地承载万物，反得万物敬仰。
谦卦与‘谦谦君子’是什么关系？,‘谦谦君子’直接出自谦卦初六爻：‘谦谦君子，用涉大川，吉。’意指极度谦虚的君子，即使渡大河涉险也能获吉。‘谦谦’是双倍谦逊，代表谦德的极致。此爻奠定了谦卦基调：谦逊须发自内心、持续不断。后代成语‘谦谦君子’即源于此，形容品德高尚、谦和自持之人。它告诫我们，谦卑不是一时姿态，而是终身修养。
谦卦为什么强调‘裒多益寡’？,‘裒多益寡，称物平施’是象传对谦卦的解读，其用意在于建立公平和谐的社会秩序。卦象地中有山，山高草盛，地低水聚，自然已蕴含平衡法则。君子效法此道，当减损多余（裒多）以增益不足（益寡），并依各人情况公平施与（称物平施）。这既是谦逊品德的社会实践，也是管理智慧：过度集中资源必生矛盾，均衡分配方能长久。谦卦借此告诫，谦虚者不仅自身美德，更要促进整体公平。
谦卦对现代人际关系有什么启发？,谦卦对现代人际关系的启发核心是‘平等尊重，互惠共赢’。卦象地中有山，彼此包容；爻辞‘谦谦君子’提醒我们保持低调与学习态度。工作中，不自恃才华而轻视同事；生活中，不因地位而傲慢。传统解卦言‘善于团结他人，也能得到别人的帮助’。《象传》‘称物平施’更指出：关系需平衡，一方付出过多或索取太多都会失衡。谦逊者如大地，能承载各种性格，因此人缘广结，合作顺畅。
豫卦的卦辞说‘利建侯行师’，具体是什么意思？适合做大事吗？,豫卦卦辞‘利建侯行师’直指此卦利于封建诸侯、出兵征战。从卦象看，下坤上震，坤为顺、震为动，雷出地奋，万物复苏，象征顺时而动，故利于开创大业。但‘建侯行师’不仅指军事政治，更寓意在合适时机采取果断行动。得此卦者宜积极进取，但需注意‘豫’有预备之义，必须做好充分准备，不可轻率。同时，邵雍强调‘安乐之中，预防忧患’，提示成功时勿忘居安思危。
豫卦的‘豫’字到底是指快乐还是预备？怎么理解？,豫卦之‘豫’兼具‘愉悦’与‘预备’双重含义。《序卦》说‘有大而能谦必豫’，指大有与谦逊之后自然愉悦；但《象传》‘雷出地奋’又暗示雷动前必有酝酿，故需预备。卦象中坤顺震动，顺时而动则乐，动而无备则危。邵雍解为‘安乐之中，预防忧患’，傅佩荣则提醒‘春雷发动，诸事吉祥’但须防色难。因此，此卦教导人们在享受和乐时不忘未雨绸缪，是积极而审慎的处世之道。
我现在事业遇到瓶颈，占得豫卦，能帮我分析下怎么度过吗？,豫卦对事业提示‘十分顺利，但必须符合实际，顺应潮流，且得自己努力奋斗’。得此卦说明时运已至，瓶颈多为暂时。卦象雷出地奋，阳气奋发，象征新机遇即将来临。建议：第一，保持顺时而动的态度，不要强行逆势；第二，加强合作，开诚布公，豫卦强调‘利建侯行师’，需借助团队或贵人力量；第三，警惕因顺利而陷入懒散享乐，要‘居安思危’。商业上‘新货上市，必有大利’，可考虑推出新产品或新策略。
豫卦对婚恋有什么指导？我最近在相亲，能成吗？,豫卦对婚恋直接断为‘十分顺利，一生顺利和吉祥’，但警告‘不可玩弄感情，否则出现悲剧’。雷地豫象凤凰生雏，万物发生，象征情感萌发与和谐。下坤顺承上震动，提示双方需彼此配合、真诚互动。得此卦者姻缘易成，但须防‘色难’，即沉迷外表或短暂激情。若想长久，应坚守正直品德，不因顺利而轻慢。家宅方面‘祈神祭祖，可保平安’，可借助家庭支持。
豫卦的象传‘雷出地奋，先王以作乐崇德’有什么深层含义？,‘雷出地奋’描述春雷惊醒万物，象征生机勃发、和谐共鸣。先王效法此象制作音乐、推崇道德，并隆重祭祀天帝与祖先。深层含义有三：一是通过礼乐教化民众，使社会如雷与地般顺动和谐；二是音乐象征愉悦，提醒治国者以德服人而非暴力；三是祭祀强调敬畏本源，居安思危。《断易天机》将此引申为‘君王之威行于子民’，但威德并施才是正道。
我最近想换工作，占得豫卦，是好是坏？,豫卦对变动有利。卦辞‘利建侯行师’包含开创之意，换工作正是‘行师’之象。雷地豫象征春雷启动，旧土翻新，时机恰当。但需注意两点：第一，‘顺天应时’强调顺势而为，不可冲动跳槽；第二，‘凡事应有备而战’，提前调研新公司、提升技能。财运上‘新货上市，必有大利’，预示新岗位有发展空间。决策时牢记‘乐不忘忧’，避免因一时喜悦而忽略风险。
豫卦和谦卦互为综卦，这个关系怎么理解？对实际应用有何启发？,豫卦与谦卦互为综卦（卦象颠倒）。谦卦是地山谦，以谦逊防满；豫卦是雷地豫，以和乐防纵。二者相辅相成：谦卦是豫卦的基础，唯有谦虚积累才能享受愉悦；豫卦是谦卦的延伸，愉悦后仍需保持谦卑以防乐极生悲。实际生活中，事业顺利时（豫象）更要牢记谦卦精神，不骄不躁；而低调积累期（谦象）也需豫卦的果敢行动。两卦循环，体现了‘谦则豫，豫则谦’的中庸智慧。
豫卦说‘利建侯行师’，但现在是和平年代，这个指导还适用吗？,‘建侯行师’在当代可类比为建立团队、开拓市场或启动重大项目。和平年代，‘行师’象征商业竞争或事业攻坚，‘建侯’指组建核心团队或获得权威认可。豫卦核心在于‘顺时而动’：雷出地奋提示抓住时机，坤顺震动强调遵从规律。例如创业、任职要职等皆利。但《断易天机》提醒‘须防色难’，即警惕享乐主义或诱惑，保持奋斗初心。
豫卦的财运如何？适合投资吗？,豫卦财运大吉，傅佩荣断‘新货上市，必有大利’。卦象雷地奋起，阳气升发，象征资产增值。经商时‘应大胆行动，即使发生挫折也可很快化险为夷’。但邵雍强调‘预防忧患’，投资需避免跟风炒作。具体建议：第一，选择与‘春雷’相关的新兴行业；第二，加强合作（豫卦利众）；第三，盈利后及时收手，不贪恋。此卦也提示‘色难’，防因奢侈消费破财。
豫卦的‘雷出地奋’具体代表什么自然现象？对人生有什么启发？,‘雷出地奋’描述冬去春来，闷雷从沉寂大地中爆发，驱散阴霾，催生万物。自然现象隐喻：第一，积蓄足够能量后必然爆发，鼓励人耐心积累；第二，雷霆之威需与大地柔顺配合，启发刚柔并济；第三，雷声唤醒沉睡，象征觉醒与行动。人生上，得此卦者应借势而起，但效法‘先王作乐崇德’，以德性驾驭成功，避免狂傲。
占得豫卦，但心里还是不安，怎么化解？,豫卦本身是大吉之卦，不安感源自人性对未知的恐惧。卦象显示‘顺天应时，事事吉祥’，且‘可得长辈之助’。化解方法：第一，回归卦辞‘利建侯行师’，制定具体计划并行动，行动可消除焦虑；第二，象传‘先王作乐’，建议通过音乐、艺术或冥想调节情绪；第三，断易天机称‘雷出地奋，君王之威行于子民’，可寻求领导或长辈指导。牢记‘居安思危’不是制造焦虑，而是有序准备。
豫卦的‘六二：介于石，不终日，贞吉’怎么解？与卦辞有关系吗？,爻辞‘介于石，不终日，贞吉’意为坚贞如磐石，不待终日即悟，守正得吉。这与卦辞‘利建侯行师’呼应：行动需果断，但更需坚贞不渝的品格。“介于石”象征立场坚定，“不终日”说明智慧敏锐，能迅速把握时机。六二爻阴居阴位，柔顺中正，提示在豫乐中保持清醒，不随波逐流。得此爻者，若遇事迟疑可借石之坚毅快刀斩乱麻。
我想用豫卦的含义给宝宝起个名字，有什么建议？,豫卦核心是“顺时而动，和乐且预”，起名可围绕“雷、地、春、乐、崇、德”等字，如“雷豫”“崇豫”“乐坤”。但更推荐寓意：从象传“作乐崇德”可取“崇德”；从“雷出地奋”可取“奋之”；从邵雍“预防忧患”可取“预安”。需注意豫卦有“色难”之诫，避免过于欢乐轻浮的字眼。名字宜稳重中见生机，如“豫生”“时豫”。
豫卦在《周易》中排第十六，这个顺序有什么讲究？,《周易》卦序非随机，豫卦紧随大有（第十四）和谦（第十五）。《序卦》言‘有大而能谦必豫’，意即大有收获后若能谦虚，必得愉悦。第十六卦代表‘谦’之果报——和乐。但豫非终点，其后为随卦（第十七），提示愉悦后需随顺时势。豫卦居此位置，揭示人生成功循环：先努力（大有），再谦逊（谦），得快乐（豫），最后随缘（随）。若缺谦，豫必转凶。
豫卦说‘须防色难’，具体指什么？现代生活中怎么避免？,‘色难’指因美色、娱乐、物质享受而迷失。豫卦本意愉悦，但过度则成祸。邵雍直言‘得此卦者…须防色难，切不可沉迷于声色欢场’。现代场景包括沉迷短视频、游戏、消费主义或婚外情。避免方法：第一，效法‘先王作乐崇德’，娱乐时要提升道德艺术；第二，豫卦有预备之义，定期自省；第三，从卦象坤顺震动，保持内外平衡，不因快乐荒废主业。
豫卦对身体健康有什么提示？,傅佩荣解身体为‘祷告静心’，传统解卦则强调‘豁达、大度更有利于健康和长寿’。卦象雷地豫，雷动可使气血通畅，但过乐伤神。建议：第一，春季养生尤其适合此卦，多户外活动顺应阳气；第二，预防心理疾病，豫卦和乐而忧，警惕躁狂或抑郁；第三，‘介于石’爻辞提示意志坚定有益恢复，可配合冥想或音乐疗法。总之，乐而不淫，动而有节。
豫卦的‘凤凰生雏之卦，万物发生之象’具体指什么？,这是古人从卦象附会的神话意象。凤凰生雏象征高贵生命诞生，对应雷出地奋，万物萌发。卦中坤为母，震为长男，有生育、创新之意。‘万物发生’指生机盎然，百事可兴。此象用于占卜，预示新项目、新关系或新阶段如雏凤初鸣，潜力无限。但需以‘崇德’为本，否则基础不牢。
占得豫卦，但卦象显示‘中中卦’，是不是效果一般？,‘中中卦’是《周易》对豫卦的评级，非吉凶绝对。豫卦虽大吉，但隐含风险（色难、乐极生悲），故列中中，提醒莫因顺利而忘形。实际上，得此卦者运势处于上升期，如邵雍‘事事吉祥’，但需主动作为。若消极等待，‘中中’可降为下；若勤勉守正，‘中中’可至‘上上’。所以，此评级是警钟，非判词。
豫卦的‘殷荐之上帝，以配祖考’中的‘上帝’是西方概念吗？怎么理解？,此处‘上帝’指中国传统中的最高神灵，如《诗经》‘上帝临汝’，非西方人格神。‘殷荐’指盛大祭祀，‘配祖考’是配享祖先。意义在于：第一，强调成功归功于天与祖先，培养感恩之心；第二，通过宗教仪式维系社群和谐，与‘作乐崇德’同构；第三，告诫人勿自傲，要敬畏超越性力量。现代理解可引申为尊重规律与历史，不贪天之功。
我一听到豫卦就联想到犹豫，这个卦和犹豫有关系吗？,‘豫’通‘预’时含预备、犹豫之义，但《周易》本义是愉悦。不过汉字‘犹豫’的‘豫’确有迟缓之意，恰与卦象雷动疾速相反。这形成有趣张力：卦名暗示愉悦，却告诫勿犹豫。得此卦者，若遇事不决，当反观‘雷出地奋’的果断。卦辞‘利建侯行师’毫不迟疑，爻辞‘不终日’反对拖延。因此，豫卦实为鼓励及时行动，反对优柔寡断。
随卦的卦辞‘元亨，利贞，无咎’是什么意思？能白话解释一下吗？,随卦卦辞‘元亨，利贞，无咎’意为大吉大利，利于坚守正道，没有灾祸。白话解释：随卦象征随顺、随时而动，只要顺应时势、坚守原则，就能获得亨通顺利，不会有过失。从象传‘泽中有雷’看，雷入泽中，万物蛰伏，君子效法此象，随天时而作息，即白天活动、夜晚休息。断易天机认为此卦为顺心之象，凡事吉利。邵雍强调随顺和同，不可专横。因此，得此卦者，宜随大势，多与他人沟通，可名利双收；若固执己见则难成事。
随卦的象辞‘泽中有雷，随。君子以向晦入宴息’怎么理解？,象辞‘泽中有雷’描绘了雷入泽中的自然景象，象征万物随天时而蛰伏。君子观此，取法于‘向晦入宴息’，即傍晚入室休息，顺应昼夜交替的规律。这启示我们：生活中要遵循自然节律，适时调整行动，不可逆时妄为。随卦强调‘随时而动’，象传将这种智慧融入日常作息，体现了天人合一的哲学。结合断易天机，此象主顺心吉利，但家宅需防惊惧，身体宜休养。因此，卦辞教导我们以柔顺态度适应环境，在适当的时候做适当的事，方能无咎。
随卦的事业运势如何？我目前正在寻找合作机会，适合吗？,随卦对事业极为有利，运势卦辞为‘元亨，利贞，无咎’，象征去旧迎新，宜与人合作，可获厚利。象曰‘泽中有雷’，雷动于泽，需随波逐流，故事业上应重视人际关系，善于协作。邵雍解‘随顺和同，贞固自持’，告诫不可独断专行。传统解卦认为，随卦适用于经商与合作：真诚待人、遵守商业道德，便能保持竞争优势。具体到择业或合作，机会众多，但要认清大势，跟随有德有才的师长或伙伴，避免贪图小利。注意，随卦也有‘随从’之意，需坚持原则，不可趋炎附势。总之，当前寻找合作是吉兆，但必须择善而从、沟通充分。
占卜感情得到随卦，我和现任能长久吗？,随卦对于婚恋是吉兆。卦辞‘元亨，利贞’预示大吉，但须‘贞’（坚守正道）。象传‘泽中有雷’象征喜悦而动，感情中双方情投意合，家庭和睦。传统解卦明确指出：‘双方情投意合可以成功，家庭和睦，但若迷恋于情爱，会影响双方的事业。’因此，你们的关系有成功基础，但需注意平衡情感与事业，不可沉溺。傅佩荣解提醒‘家宅防止惊惧’，暗示可能因过度依赖而产生不安。爻象初九显现‘官有渝，贞吉’，表示关系有变化，但只要守正便能吉利。总体而言，随卦鼓励顺势而为，保持沟通与诚信，感情可长久。但需避免专横或三心二意。
随卦的初九爻具体讲了什么？对决策有何指导？,随卦初九爻辞：‘官有渝，贞吉。出门交有功。’意为官员有变通，守正则吉；出门交往能获成功。此爻位于卦初，象征事物开端，应随顺变化、主动社交。爻象说明，决策时不可固守成规，需灵活调整，但核心原则（贞）不能丢。结合卦象：下震为动，上兑为悦，动而悦，故积极与人交流可带来喜悦成果。邵雍解强调‘随从机运，不能专横’，初九正是行动之初，需开放心态。断易天机指出‘凡事顺心’，但体、用关系（震木克兑金）提示可能先辛苦后得利。因此，初九爻指导我们：在决策的初始阶段，要变通、守正、广结人脉，如此必能成功。
随卦中‘随’字的深层哲学含义是什么？,随卦之‘随’包含多重哲学意蕴。首先，它指‘随时’，即顺应天时。《象传》‘泽中有雷，随’体现雷随季节隐现，君子效法而作息，强调与自然规律同步。其次，‘随’是‘随顺’，兑为悦、震为动，动而悦，即追随喜悦，但非盲从，需‘贞固自持’（邵雍）。再次，‘随’代表‘随从’与‘随机’，卦象中震木在兑泽之下，木随水漂，暗示个人应随环境调整，但要有原则。从社会关系看，‘随’是相互顺从、沟通协作，如传统解卦所言：‘己有随物，物能随己’，达到和谐。深层哲学上，随卦揭示了一种‘动中守静’的智慧：在变化中保持真诚，在追随中不失自我，此即‘元亨利贞’的真义。
如果占问‘是否该换工作’，随卦怎么解？,随卦对换工作是吉兆。卦辞‘元亨，利贞’表明整体顺利，但需坚守正道。象曰‘泽中有雷’，雷动于泽，象征内部有变动（换工作）但能随形势而行。传统解卦‘运势：有去旧迎新之吉象，宜与人合作’，暗示换工作可带来新机遇。傅佩荣解‘财运：堆积存货，明春有利’，比喻积累经验后会有回报。但需注意，随卦强调‘随时而动’，不可冲动。爻象初九‘出门交有功’，鼓励主动拓展人脉；而若当前工作束缚过多（如‘官有渝’），变通更有利。总之，随卦支持换工作，但条件是：一要认清趋势（如行业前景），二要保持诚信（不背信弃义），三要随和沟通（与新旧东家和谐过渡）。
随卦的‘元亨’和‘贞’有什么关系？为什么强调‘利贞’？,随卦中‘元亨’（大吉）与‘利贞’（利于守正）相辅相成。‘元亨’是结果，而‘贞’是前提。《易经》认为，真正的亨通必须基于正道；若随波逐流、失去原则，则吉变为凶。象传‘泽中有雷’暗示，雷虽在泽中但本质不变，君子应像雷一样在不同环境中保持自身‘贞’性。邵雍解‘随顺和同，贞固自持’，直言随和并非放弃原则，而要‘固守正道’。传统解卦也强调‘随必依时顺势，有原则和条件，以坚贞为前提’。因此，‘利贞’是对‘元亨’的限定：只有坚守正道、恪守本分，才能获得持续吉祥；否则，随卦可能变成盲目追随，招致灾祸。这体现了易经的‘中正’思想。
随卦的财运怎么样？适合投资吗？,随卦财运亨通，适合投资。卦辞‘元亨’预示大利，象传‘泽中有雷’象征财富如泽水汇聚，但需随势而动。传统解卦‘经商：顺利。在与他人的真诚合作下，能够达到预期的目的。’傅佩荣解特别指出‘财运：堆积存货，明春有利’，暗示投资需耐心等待时机，不可急功近利。邵雍认为‘得此卦者，宜随大势，其事可成’，所以投资应顺势而为，关注市场趋势。不过，随卦也警告‘不得贪图小利’，要遵守商业道德，从长远考虑。若占卜当前投资，卦象显示合作可信，但需避免独断。初九爻‘出门交有功’鼓励拓展人脉，获取信息。总之，随卦下财运不错，但核心是‘随’—跟随良机、跟随正道，方能获利。
随卦的‘君子以向晦入宴息’对现代人有什么启示？,‘向晦入宴息’教导我们顺应自然节律生活。现代社会昼夜颠倒、加班熬夜普遍，但随卦提醒：过度消耗违背天道，终将导致健康问题。象传将雷的蛰伏类比人的作息，雷声在夜间沉寂，人亦应日落而息。这一启示包含三层：一是‘时间管理’—高效利用白天，夜晚放松；二是‘劳逸结合’—工作虽重要，休息不可少；三是‘顺应周期’—如同四季轮回，人生也有高低谷，该休养时不强求。傅佩荣解‘身体：休养为宜’直接呼应此象。因此，现代人应借鉴此智慧：在忙碌中安排休息，在快节奏中保持平衡，才能持久发展。这也是随卦‘随时而动’在生活层面的应用。
随卦与谦卦有什么区别？为什么随卦强调‘随’而谦卦强调‘谦’？,随卦与谦卦虽都含柔顺之意，但侧重点不同。随卦（泽雷随）核心是‘随时而动’，强调顺应外部环境、人际协作，以‘随和’达致亨通；而谦卦（地山谦）核心是‘谦卑自处’，强调内在修养、低调不争，以‘谦虚’获福。象传中，随卦取‘泽中有雷’，雷动必随泽势；谦卦取‘地中有山’，山高却藏于地。因此，随卦更重‘时’与‘动’，谦卦更重‘静’与‘守’。占卜中，随卦宜合作、变通；谦卦宜保守、低调。两者共同点是都需要‘贞’（正道），但随卦的‘贞’体现在跟随有原则，谦卦的‘贞’体现在谦而不卑。总之，随卦教我们如何应世，谦卦教我们如何修身。
随卦是否暗示要顺从别人？如果对方是错的也要随吗？,随卦并非盲目顺从。卦辞‘利贞’强调必须坚守正道，象传‘君子以向晦入宴息’显示随从的是自然规律而非他人意志。邵雍解‘随从机运，不能专横’也不等于全盘听命。传统解卦明确指出‘随必依时顺势，有原则和条件，以坚贞为前提’，‘务必注意追随他人应有的立场和原则，不可趋炎附势’。因此，随卦的‘随’是理性的主动选择：当对方正确时，随其善；当对方错误时，应以‘贞’为准则，或婉言相劝，或坚持独立。初九爻‘官有渝，贞吉’指官员变通但守正，正是此意。总之，随卦鼓励在保持自我原则下的灵活协作，而非无原则的附和。
随卦的‘动而悦’如何解释？这与喜悦有什么关联？,‘动而悦’是随卦核心内涵。卦象下震（动）上兑（悦），表示行动带来喜悦，而喜悦又激发更积极的行动，形成良性循环。《序卦传》说‘豫必有随’（喜悦之后有人追随），正是‘动而悦’的体现。从自然看，春雷惊动万物（动），万物苏醒后愉悦生长（悦）。从人事看，顺应时势的行动（如早晨工作）带来成就感（悦）。断易天机解‘凡事顺心，吉无不利’，说明随卦情境下，行动与快乐相辅相成。因此，‘动而悦’启示我们：做事要找到内在驱动力，让行动本身成为乐趣；同时，保持愉悦心态，行动会更高效。这正是随卦‘元亨’的源泉。
占卜出行得到随卦，旅途顺利吗？,随卦对于出行是吉兆。卦辞‘元亨’表示大吉，象传‘泽中有雷’虽为雷入泽中，但雷动则行，象征旅途虽有起伏但总体顺利。传统解卦‘运势：有去旧迎新之吉象’暗示出行带来新机遇。傅佩荣解虽未直言出行，但‘财运：堆积存货，明春有利’可引申为一路积累收获。不过，需注意‘家宅防止惊惧’可能提示旅途中有意外惊吓，但无大碍。初九爻‘出门交有功’直接鼓励出门交往，必获成功。因此，占得此卦，出行可成，但应随顺环境变化，遵守交通规则（‘贞’），多与他人沟通，就能享受旅程喜悦。若为远行，选吉日、备周全，则更添吉利。
随卦的‘归魂卦’是什么意思？对占卜结果有什么特殊影响？,随卦是震宫归魂卦，在八宫卦系统中，归魂卦代表事物回归本宫、即将结束或转化。对占卜而言，归魂卦常预示‘人归魂’（如游子归乡）、‘事归结’，也指事物进入稳定期。断易天机解‘随即顺从、随时之意，占得此卦，凡事顺心，吉无不利’，但归魂卦也隐含‘待变’之意。傅佩荣解‘时运：明年运行，五年方展’，说明好运并非立即爆发，需时间沉淀。传统上，归魂卦对家宅、健康尤需关注，如‘家宅防止惊惧’‘牢狱之灾’（傅佩荣解）。因此，随卦虽大吉，但归魂性质提示应制动作、谨慎保守，不可冒进，尤其注意家庭与身体的安定。
随卦中的‘泽中有雷’如何与‘随’字关联？,‘泽中有雷’是随卦的象，直接解释了‘随’字。雷为动，泽为静，雷入泽中，雷声随泽水扩散，故为‘随’。《周易正义》云：‘泽中有雷，冬时雷藏于泽，随时而动。’这形象化‘随’的本义：雷随季节隐现，人随天时作息。此外，泽代表柔和，雷代表刚烈，刚入柔中，象征刚健者随顺环境。卦象下震上兑，震为动，兑为悦，动而悦，也是‘随’的体现。邵雍解‘随顺和同’，从象传‘泽中有雷’可以直观理解：雷必须依随泽的形态，不能独断专行。因此，这一象不仅描摹自然，更启发我们：任何行动都要考虑外部条件，顺势而为方得吉利。
随卦对于决策‘该不该跟随潮流’有什么指导？,随卦对‘是否跟随潮流’给出了辩证指导。卦辞‘元亨，利贞’表明：跟随时势可获成功，但必须坚守正道。象传‘泽中有雷’暗示，雷随泽水流动，但雷的本质未变；同样，人需随潮流但不失根本。邵雍解‘随从机运，不能专横’：如果潮流合乎正义和自身原则，则可跟随；若潮流违背伦理，则不可从。传统解卦强调‘己有随物，物能随己’，指双方互动：你跟随潮流，潮流也因你而变。因此，决策时应分析：该潮流是否代表‘时势’？是否符合长期利益？保持诚信与独立思考，则随而无咎。若盲目跟风、人云亦云，则违背‘贞’，反而招凶。
随卦的‘良石琢玉之卦，如水推画之象’是什么意思？,‘良石琢玉之卦，如水推画之象’是古人比喻随卦的特性。‘良石琢玉’指精美的石头经过雕琢成为玉器，象征需经磨炼方成器，如同随卦中的‘随’非被动，而是主动雕琢自身以顺应环境。‘如水推画’形容水流推动画板，画板随水移动，但水势也因画板而改变轨迹，寓意相互影响、彼此成就。卦象看来，‘泽中有雷’如同水推动雷，雷又激活水。这在人事上意味着：个人既要在环境中调整，也能通过自身努力影响环境。断易天机以此强调随卦的‘待变’与‘成器’之机，尤其对修心养性、才艺提升有益。因此，占得此卦，应如琢玉般打磨自己，如水推画般顺势而为，必见成效。
随卦与中孚卦的相似点在哪里？如何区分？,随卦与中孚卦都有‘和顺’之义，但侧重点不同。随卦（泽雷随）讲‘随时而动’，强调行动上的顺随；中孚卦（风泽中孚）讲‘诚信感化’，强调内心之信。象传：随是‘泽中有雷’，雷随泽势；中孚是‘泽上有风’，风行水上，感应相通。随卦卦辞‘元亨，利贞’，中孚卦辞‘豚鱼吉，利涉大川’，中孚更突出诚信化险。占卜类比：随卦宜合作、改迁，中孚宜求信、诉讼。邵雍解随卦为‘随顺和同’，中孚为‘信及豚鱼’。区分点：若问题与时机、变通相关，取随；若与诚信、感化相关，取中孚。两者都强调‘中正’，但随的‘中’在于不失时，中孚的‘中’在于不欺心。
随卦的‘无咎’为何出现在卦辞？有什么特殊含义？,随卦卦辞‘元亨，利贞，无咎’中，‘无咎’是结论，表示没有过错或灾祸。在易经哲学里，‘无咎’并非天生，而是因‘元亨’（大吉）且‘利贞’（守正）而达成。随卦情境下，若能顺应时势、坚持正道，则自然‘无咎’。象传‘君子以向晦入宴息’就是具体行为：按时作息，不逆天时，便无过失。断易天机‘凡事顺心’也指向无咎。但若违反‘贞’，专横独断或盲目随从，则‘有咎’。因此，‘无咎’是对行为结果的描述，也是对占卜者的劝勉：只要遵循随卦智慧，即可避免灾祸。这体现了易经‘趋吉避凶’的核心功能。
蛊卦是凶还是吉？看了卦辞“元亨”好像不错，但解卦又说半凶半吉，到底怎么理解？,蛊卦的核心含义是“事物败坏需革新”，卦辞“元亨”指若能正确应对，终将大吉。但《断易天机》称“半凶半吉”，因初始状态是腐败混乱，须经努力才能转危为安。邵雍解“转危为安”点明关键：虽处艰难，却蕴藏革新机会。整体看，蛊卦是“凶中藏吉”，凶在现状困境，吉在通过自省、整治可获新生。傅佩荣解时运“力图振作，可改旧观”也印证此理。综上，吉凶取决于应对方式：消极等待则凶，积极变革则吉。
“先甲三日，后甲三日”在蛊卦里是什么意思？有什么实际指导意义？,“先甲三日，后甲三日”源自古代历法：甲日前后各三日（辛、壬、癸、甲、乙、丙、丁共七日），象征革新前后需周密规划。白话文解释指出这是启程吉日，引申为行动时机。《象传》“振民育德”强调君子应像风（巽）吹过山（艮）一样，先传播教化（先甲），再落实整治（后甲）。实际指导意义：面对问题，事前要充分准备（调查、谋划），事后要持续监督、巩固成果。比如事业整顿，先分析积弊三因（先甲），再分步改革并跟踪至第七日（后甲），确保彻底革新。
我最近事业遇到瓶颈，感觉团队内部有很多问题，占得蛊卦，能指点一下吗？,蛊卦正对应你的事业困境。卦象“山下有风”喻事物闭塞腐败，需“振民育德”来整顿。傅佩荣解财运“不宜堆积，应即贩卖”提示资源积压需流通；传统解卦直言“运气不佳，宜大胆革新，否则引来内忧外患”。建议：第一，效法“先甲三日”加强调研，找出症结（如制度僵化、沟通不畅）；第二，以“后甲三日”精神分阶段改革，每次行动后评估效果；第三，注意《象》中“君子以振民育德”，对待团队要激励而非压迫。邵雍说“辛勤丁宁，转危为安”，只要主动革新，瓶颈就能转化为成长契机。
请用白话文解释一下蛊卦的卦辞和象辞。,蛊卦卦辞：“蛊。元亨，利涉大川。先甲三日，后甲三日。”白话直译：事情败坏时，若能妥善整治，将获大亨通；利于冒险渡河（喻突破困难）；宜在甲日前三日（辛日）至后三日（丁日）行动（喻把握时机）。象辞：“山下有风，蛊。君子以振民育德。”白话：山下吹来风化腐朽之风，这就是蛊卦的象；君子受启发，要救济百姓、培育德行来挽救衰败。简言之，卦辞强调“亨通需靠及时行动”，象辞强调“领导者应以德服人、以民为本”。
从哲学角度看，蛊卦为什么出现在随卦之后？它们的联系是什么？,《序卦传》说：“以喜随人者必有事，故受之以蛊。”随卦代表愉悦追随，但长期随波逐流会积累弊端（如腐败），所以随卦之后接蛊卦，揭示“乐极生悲”的规律。哲学上，随卦是“因”，蛊卦是“果”：跟随不当导致混乱，混乱又迫使革新（整治）。二者阴阳爻完全互换，说明状态可能瞬间逆转。启示：人生不能永远“随”，必须主动“察”与“治”，否则安乐中会滋生危机。这正是周易“变易”思想的体现——共处之道在于平衡随顺与振作。
占问感情，得到蛊卦，说“不顺利”，可我们明明很相爱，这卦怎么解释？,蛊卦对感情的解读并非否定相爱，而是揭示可能存在的深层问题。传统解卦“不顺利”指实际障碍，如家庭反对、沟通误会导致“器皿生虫”般腐化。傅佩荣解家宅“整顿家风；恐有私情”提示需注意外部干扰或内部信任危机。关键要“振民育德”：双方应坦诚梳理矛盾，像“先甲三日”一样预防性沟通，再“后甲三日”巩固感情。若情投意合，则效法“利涉大川”共同面对挑战。记住，蛊卦转机在于“辛勤丁宁”，真爱需主动维护才能破茧成蝶。
我最近想投资一个老企业改造的项目，不知道前景如何？,蛊卦对投资改造项目极为契合，但需谨慎。傅佩荣解财运“不宜堆积，应即贩卖”指旧货需速脱手，对应老企业要盘活资产；传统解卦经商“诸多不利困扰，应全面分析市场动向，当机立断”。卦象“山下有风”喻资源流通不畅，但“振民育德”预示可通过管理革新提升。邵雍说“转危为安”是结果，中间需“辛勤丁宁”。决策建议：第一，做好尽调（先甲三日），尤其查清负债、管理积弊；第二，用“后甲三日”策略分阶段注资改革；第三，团队建设是关键——人的觉醒比资金更重要。总之，机会与风险并存，有充分准备可转危为安。
为什么邵雍说蛊卦“半凶半吉”？什么时候凶，什么时候吉？,邵雍“半凶半吉”针对蛊卦初始状态：凶在“事物败坏”，吉在“可转危为安”。具体而言，凶的方面：如《彖传》所言“蛊：刚上而柔下”，上止下顺导致停滞腐败，对应现实中的经营漏洞、关系僵化、疾病久拖等。吉的方面：卦辞“元亨”指明整治后可达亨通；邵雍“辛勤丁宁”喻勤奋可救弊。所以，若消极应对则凶，积极革新则吉。断易天机也同此意。关键在个人选择：你如何对待“蛊”——放弃则衰，治理则兴。
蛊卦的“蛊”字本义是害人的毒虫，但卦中却说是“救弊治乱”，这不是矛盾吗？,不矛盾，反是辩证统一。“蛊”字本义是器皿腐而生虫（《说文》），引申为事物腐败产生的祸害，但《周易》更取其象征：已知腐败即整治开端。正如医学，发现病毒才能对症下药。卦中“元亨”即指通过整治达到亨通。象传“振民育德”是主动疗治，化害为利。所以，蛊卦揭示：看到“蛊”不要恐慌，应视作警示灯；勇敢去治，“蛊”反而成为转型契机。好比成语“蛊惑人心”中的“蛊”，认识它才能纠正它。
《象传》说“山下有风，蛊”，为什么山下有风会形成蛊？,“山下有风”是自然现象：风（巽）遇山（艮）而受阻，气不畅则物腐，故生“蛊”。反之，风吹畅通则清新。此象比喻：组织或人心若上硬（艮止）下散（巽顺），如上级独断、下级盲从，则信息闭塞、问题积压，形成腐败。君子观察此象，应当像风吹过一样去疏通、教化下属（振民育德），打破闭塞。所以，该象实质是警示僵化体制的危害，并为革新提供方法论：向下深入、惠及民众。这正是“周易以象明理”的精华。
我最近体检查出一些慢性病，占得蛊卦，是不是说病情会恶化？,蛊卦与疾病有直接关联。传统解卦“身体：蛊毒之症，小心咒诅”提示要警惕慢性中毒或疑难杂症；但卦辞“元亨”也预示可康复。傅佩荣解“身体：蛊毒之症，小心咒诅”指需防范外因（如环境毒素）。对策：效法“振民育德”即改善生活习性；“先甲三日”意为早筛查早预防；“后甲三日”指坚持治疗与调养。邵雍“转危为安”核心在主动治理，若积极遵医嘱、调心态，多数慢性病可控。记住，病初现不是坏事，及时整治就是吉兆。
据说蛊卦和随卦是综卦，这说明了什么？,综卦指两者爻象上下颠倒而成，随卦是上兑下震，蛊卦是上艮下巽。随卦象征顺应、跟随，蛊卦象征败坏、治理。颠倒关系揭示：随从过度或盲目会积累弊端，导致蛊；而整治成功后又可回归随顺的稳定。所以，两者互为因果、循环不已。哲学启示：人生没有绝对的安逸（随）也没有绝对的混乱（蛊），必须在“随”中保持警觉（防蛊），在“蛊”中积极改革（求随）。这体现了周易“不可固守”的变化思维，也是治国、修身、管事的哲学。
“君子以振民育德”如何具体应用到现代企业管理中？,“振民”即激励群众，“育德”即培育道德与能力。现代管理应用：第一，领导如“山”要沉稳可靠，但不可刚愎自用，应下放权力（象“风”流动），激发员工主动性；第二，面对腐败或低效（蛊），要像风一样深入基层（振民），了解痛点，再如山坚强推进改革（育德）；第三，建立培训体系（育德）提升团队素质，同时用激励措施（振民）鼓舞士气。例如，谷歌“20%时间制”即振民，华为“以奋斗者为本”即育德。简言之，软硬兼施，上下贯通，方能整治积弊。
为什么蛊卦强调“涉大川”？在现代社会如何理解？,“利涉大川”在周易中常喻冒险开创。蛊卦中它指：在腐败混乱时，必须勇敢跨越鸿沟（大川），大刀阔斧改革。现代解释：第一，事业转型时，要敢于进入新领域、突破旧规则，如企业重组、个人转行；第二，“险”在外部（市场、竞争）+“难”在内部（人、制度），但“元亨”预示值得一搏。注意，卦辞还给了工具：“先甲三日”做足准备（如风险评估），“后甲三日”善后巩固。所以，不是盲目冒险，而是有谋略地闯关。
我最近家庭关系紧张，用蛊卦能看出什么原因吗？,蛊卦家庭层面，傅佩荣解“整顿家风；恐有私情”提示问题可能源于家庭结构或成员不忠。传统解卦“夫妇应共同努力维系家庭”点明需要合作。卦象“山下有风”比喻老人（艮为少男/土）固执，年轻一代（巽为长女/风）顺从萎缩，导致沟通障碍、矛盾积压。原因：可能是角色错位（长辈过度干涉），或私情（外遇蛊惑）破坏信任。对策：效法“振民育德”——家族会议真诚沟通（振民），重建家风（育德）；用“先甲后甲”步步缓和矛盾。记住，蛊卦是醒钟，不是判诀。
为什么《序卦》说“以喜随人者必有事”？这与心理学的“回避型依恋”有关吗？,这句话指：一味愉悦追随他人（喜随人）会埋下隐患（事/蛊）。从心理学看，类似“回避型依恋”：过度迎合伴侣（喜随人）回避冲突，实则累积不满，关系终会崩溃（蛊）。两者都强调短期和谐的代价是长期问题。解决方案：周易提倡“振民育德”，即主动表露需求、建设性沟通；心理学则倡导安全型依恋的平衡。二者异曲同工：不要因害怕冲突而放弃自我，否则“随”成依赖，“蛊”毒入骨。所以，老祖宗的智慧早已洞察人性。
“三蛊在器，事物败坏”具体指哪三蛊？,“三蛊”常见解释有两种：第一，字面“皿中有虫三只”，喻多；第二，引申为三种积弊：制度腐败、人才错位、资源浪费。邵雍《梅花易数》认为“三”指多，需逐一清除。实际应用时，“三”也可指父、母、子（家庭）或上、中、下（组织）三个层面。如企业：上层官僚（蛊一）、中层推诿（蛊二）、下层离心（蛊三）。治理方法：象传“振民育德”正对治这三毒——振民激励下层，育德教化中上。总之，三蛊是警醒，也是治标抓手。
我准备给孩子起名，考虑用“蛊”字，但感觉寓意不好，您怎么看？,“蛊”字在现代汉语中带有负面含义（毒虫、迷惑），但易经中蛊卦核心是“救弊治乱，转危为安”，象征重组新生。若取此义，需谨慎：通常起名选“乾、元、亨”等吉字，蛊字易招误解。实在喜欢，可用谐音“古”或“谷”替代，或用成语“蛊心之志”化用。但更建议避开：孩子可能被不解之人嘲笑。若坚持，最好搭配“元”字（如元蛊）强调“元亨”之始，并附上卦辞解释。总之，不是不可以用，但不如选更直白的励志字。
“蛊”卦和“随”卦的爻象全部阴阳相反，这有什么玄机？,阴阳反转体现周易“物极必反”的核心：随卦九四阳爻在阴位（失位），蛊卦初六阴爻在阳位（失位），颠倒显示状态极端逆转。从随到蛊，是乐极生悲；从蛊到随（卦变），是苦尽甘来。具体玄机：随卦“下动上说”喻做事顺畅，但久则生惰；蛊卦“下顺上止”喻僵化，但止中能思变。所以，两卦互为镜像，提示任何状态都不永恒。人生遇随卦戒骄，遇蛊卦不馁，主动利用阴阳转换规律，才能立于不败。
我是一个刚毕业的学生，感到前途迷茫，能不能用蛊卦给我一些人生指引？,蛊卦对刚步入社会的你非常贴切。傅佩荣解时运“力图振作，可改旧观”让你焕新；邵雍“辛勤丁宁，转危为安”鼓励勤奋。初入职场如同面对“山下有风”的闭塞环境，可能遇压力、不公（蛊）。但正因如此，你正是“振民育德”的种子：第一，不随波逐流，保持批判思维（象“先甲三日”观察）；第二，小事做起，培养能力（“后甲三日”精进）；第三，若遇困境，就勇敢跳槽或换方向（利涉大川）。记住，青春就是资本，蛊卦告诉你——混乱中藏机遇。
临卦的卦辞说‘至于八月有凶’，这到底是什么意思？在什么情况下会应验？,临卦卦辞‘至于八月有凶’是对盛极而衰的警醒。临卦下兑为泽，上坤为地，泽水滋养大地，象征阳气渐长、万事亨通。但卦象中阳爻仅居初、二，至八月时阳气转衰，阴气渐盛，故有凶险。此句核心在于告诫得卦者：虽处好运，须居安思危，把握时机而不可放纵。结合《象传》‘君子以教思无穷，容保民无疆’，强调在顺境中应持续修身育人，方能在转折来临时平稳过渡。
临卦的‘元亨利贞’四德齐全，是不是做什么事都大吉大利？,临卦‘元亨利贞’代表创始、通达、和谐、坚固四德，整体预示事情顺利，但非无脑大吉。爻象显示初九‘咸临，贞吉’强调感召正道，九二‘咸临，吉无不利’需以诚信推动。若持‘贞’（正固）之心行事，则能亨通；若背离正道，则会转入‘八月有凶’的变局。因此，此卦鼓励积极行动，但要求以德为本，不可急功近利。
我是做生意的，最近想扩大规模，抽到临卦，请问需要注意什么？,临卦对经商而言是吉兆，《断易天机》称‘欢悦而顺从，保证可以亨通’。下兑为悦，上坤为顺，象征市场环境和谐、客户关系融洽。初九‘咸临’提示诚信待人可得信任；九二‘咸临’强调果断行动能获利。但卦辞‘八月有凶’警示：景气不会永恒，需随时关注市场变化，尤其要维护合作伙伴关系，避免过度扩张。傅佩荣解‘经营有成，获利可期’，同时提醒‘不宜过于急进’。
我最近在找工作，抽到临卦，能找到满意的工作吗？,临卦象征‘以上临下’，上位者乐于接纳人才，因此求职大吉。六爻位置越高越接近君位，初九‘咸临’表示主动接触人脉可得机会；六四‘至临’提示亲自应聘、展现诚意效果最佳。但需注意卦象阳爻仅两个，代表机会出现但竞争仍在，应如《象传》所言‘教思无穷’——持续充实自己。邵雍解‘诸事如意，人情和和’，但‘不宜过急’，耐心等待好消息。
我快结婚了，算到临卦，请问婚姻运势如何？,临卦婚恋大吉。傅佩荣解‘家业正旺，两姓和合’，传统解卦亦称‘美满、和谐’。下兑为悦，上坤为顺，象征双方情意相投、长辈包容。六五‘知临’爻辞暗喻智慧包容配偶，上六‘敦临’则指以敦厚之心维持关系。但卦辞‘八月有凶’提示：婚后需避免激情消退，应如卦象泽润大地般持续付出情感。邵雍‘居安思危’同样适用于婚姻，相互珍惜才能长久。
临卦中‘君子以教思无穷，容保民无疆’怎么用于职场管理？,此句出自《象传》，解释临卦地在上、泽在下的关系，是管理者的核心启示。‘教思无穷’指主管应像大地承载泽水一样，用耐心和智慧培养下属；‘容保民无疆’强调包容和信任，给予团队安全感。结合爻辞，初九‘咸临’提倡以身作则感召员工，六五‘知临’倡导以洞察力识别人才。而‘至于八月有凶’则提醒：管理不可松懈，需建立长效机制以防团队涣散。
临卦说‘诸事亨通’，但又说‘不宜过于急进’，到底该不该主动出击？,临卦鼓励主动，但强调‘德’与‘时’。卦象下兑为悦、上坤为顺，时机成熟时应果断行动。九二爻辞‘咸临，吉无不利’明确支持进取。但‘不宜过急’源于两点：一是卦辞‘八月有凶’警示盛衰转化；二是周易重中庸，地泽组合象征大地稳重包容，泽水流动却不泛滥。邵雍解‘相佐相互，时时慎戒’，所以应如《象传》所言‘教思无穷’——有计划地推进，而非盲目冒进。
临卦的‘临’字怎么理解？和君王有关吗？,‘临’本义是居高视下，引申为监督、统治或亲临。卦象中坤地在上、兑泽在下，似君主俯视臣民；但更强调互动：泽水滋润大地，地承载泽，象征领导与下属相生相成。《周易》以‘君子临民’为核心，非专制而是教化与包容。《象》言‘君子以教思无穷，容保民无疆’，实为管理者的责任。临卦在十二消息卦中代表阳气上升，也暗含‘亲临’时机之意。
临卦和泰卦都有‘亨通’，有什么区别？,临卦（地泽临）与泰卦（地天泰）虽皆亨通，但本质不同。泰卦天地交泰，阴阳平衡，万物通达；临卦则是地在上泽在下，属‘阳长阴消’过渡阶段。临卦强调‘监督引导’，泰卦侧重‘和谐共生’。临卦‘元亨利贞’后紧接‘八月有凶’，提示顺中有逆；泰卦虽亦有变爻警示（如‘无平不陂’），但整体更稳定。临卦适合进取，泰卦侧重守成。
傅佩荣说临卦‘疾病拖延，不致危险’，生病时要注意什么？,此解源于临卦卦象：坤地厚重主慢，兑泽流动主缓，故病势缠绵但无性命之虞。初爻‘咸临’指应积极治疗；二爻‘咸临’强调遵循医嘱；六三‘甘临’警惕甜言蜜语（如偏方）；六四‘至临’提示亲力亲为。上六‘敦临’敦促康复后调养。整体需耐心，避免急躁乱投医。木火生克角度，下兑属金主肺，上坤属土主脾，可能需关注呼吸与消化系统。
临卦的卦象是‘泽上有地’，这代表什么人生哲理？,泽上有地，地高于泽，水润土而土蓄水，象征互依共生。哲理启示有三：其一，领导需根基稳固（地），向下滋润（泽），如《象》言‘教思无穷、保民无疆’；其二，个人成长要如泽水般流动学习，如大地般沉稳积累；其三，‘临’字强调站高望远，同时脚踏实地。爻象初九、九二阳爻在底，也说明成功始于基层感召。此卦倡导一种‘俯身亲民、持续涵养’的姿态。
临卦初九爻‘咸临，贞吉’是什么意思？如何运用？,‘咸’为感通之意。初九阳爻居下，象征以真诚纯洁之心去面对人和事，与上方六四相应。爻辞‘咸临，贞吉’是说凭正直感召即可获吉。运用上：职场中应以诚待人建立信任；人际中不假伪装，自然得助。朱熹认为‘咸感也，以我感物，物应于我’。但须注意，初九虽吉，位卑力薄，故需守正（贞）为基，不可强求。这与《象辞》‘君子教思’的教化精神一致。
我最近投资一直亏损，抽到临卦能转好吗？,临卦对财运整体有利，傅佩荣解‘经营有成，获利可期’。但卦辞‘八月有凶’提示：当前亏损可能源于前期判断失误或过度投机。爻象中九二‘咸临，吉无不利’鼓励调整策略，以诚信行动挽回局面；六三‘甘临，无攸利’警戒切勿贪甜头。此时应如《象传》‘教思无穷’——学习市场，谨慎评估。邵雍‘诸事亨通’但‘不宜过急’，建议观察时机再出手。
临卦六五爻‘知临，大君之宜，吉’，这里的‘知’是不是指智慧？,六五阴爻居尊位，爻辞‘知临’即‘以智慧君临天下’。‘知’非单纯智力，而是洞察事物本质与适度运用权力。此爻呼应卦象坤顺兑悦：上位者明察秋毫却不严苛，如《象》言‘容保民无疆’。王弼注：‘知临者，不威而治。’现实中，领导者需借智（如咨询他人）、而非独断。六五乘九二阳爻，也象征善于识别并重用贤能。
临卦上六‘敦临，吉无咎’是什么意思？,上六阴爻处卦终，爻辞‘敦临’指以敦厚诚恳的态度居高位。‘吉无咎’言吉而无害，因能保持厚德。此爻呼应卦象“土”之敦实，与初爻‘咸临’首尾呼应，强调始终如一的真诚。程颐解：‘敦厚于临，乃能无咎。’现实中，位极之人更需谦和，不可自傲。结合‘八月有凶’警告，此爻正是化解危机的关键——以厚德载物，方保长久安泰。
临卦中的‘八月’有什么特殊含义？是不是每年的农历八月都不好？,‘八月’在临卦中有两个层次：一是十二消息卦的特定节点，代表阳气由盛转衰；二是周正以夏历八月为仲秋（阳消阴长）。并非绝对指月份，而是象征循环规律。《周易正义》认为‘八月有凶’借天时警人事：若不知收敛，盛极必衰。现代应用中，可理解为项目发展到中期后需防风险，或人生顺境时提防突发事件。不必拘泥具体月份，重在领悟居安思危的全局观。
抽到临卦，是不是意味着我马上就能升职了？,临卦象征上级关注与机遇，爻辞中六五‘大君之宜’、上六‘敦临’均指向晋升可能。传统解卦‘事业正是成功极好时机’，傅佩荣‘好运方来’。但决断权在人：初九需主动表现，九二把握时机，六四‘至临’强调亲自争取。若按《象传》‘教思无穷’努力提升，并保持六五之智、上六之厚，升职可期。但‘八月有凶’告诫即使晋升后也需戒骄戒躁。
临卦的‘教思无穷’和现代‘终身学习’理念有什么联系？,‘教思无穷’出自《象传》，本意为君子教化民众应不倦思考。扩展至个人层面，即《易》倡导的随时修养。现代终身学习强调持续适应变化，与临卦‘居安思危’吻合。卦象下兑为悦，学习若以愉悦心态进行则事半功倍；上坤为顺，广博吸纳可厚德。爻辞六三‘甘临’反例提醒忌肤浅学习。两者本质相通：在变化时代中，以智识为舟，方能避开‘八月’的凶险。
临卦和它的错卦遁卦（天山遁）是什么关系？,临卦（地泽临）与遁卦（天山遁）互为错卦（阴阳爻完全相反）。临卦二阳在下，象征阳气上升、君子道长；遁卦二阴在下，象征阴气长、君子道消。这就是‘临’的兴盛对立‘遁’的退避。覆卦（综卦）则为萃卦（泽地萃），体现聚集与监督的互变。学习错卦可理解：好运时不张扬免遁退；逆境时亦存临卦动能，《易经》以此揭示盛衰循环的辨证法则。
孩子马上中考，我求了临卦，能带给他好运吗？,临卦利于考试，卦辞‘元亨利贞’象征根基稳固、顺利通达。傅佩荣解‘时运：活水流行’，《断易天机》称‘欢悦而顺从’利于学习心态。初九‘咸临’鼓励孩子主动探索；九二‘咸临，吉无不利’谓努力即有收获。但‘八月有凶’提示考前勿焦虑，发挥平时水平即可。家长可参考‘教思无穷’原则：耐心辅导，不过度施压。邵雍‘居安思危’提醒准备应急方案。
观卦的‘盥而不荐’是什么意思？祭祀时为啥不献祭品？,观卦的核心意象是“观察”与“展示”。卦辞‘盥而不荐，有孚顒若’字面描述祭祀场景：盥指洗手洁面以示虔诚，荐指献祭牺牲；但卦辞强调“不荐”，即仪式简化而心存诚敬。这体现了《周易》重精神轻形式的哲学——内在的诚信（孚）比外在的礼仪更重要。结合《象传》“风行地上”之象，此卦告诫领导者应如风般周流观察民情，以德化民，而非苛求形式。在事业决策中，此卦提示：面对变动需保持冷静观察，暂缓行动；婚恋方面则暗示真诚相待胜过浮华套路，考验阶段需耐心。
占卜得到观卦，问事业前景，能给我详细解读一下吗？,观卦事业解读需结合卦象与爻辞。卦象上巽风下坤地，风行大地喻示观察与传播。事业方面，此卦提示当前环境变动不居，宜多观察、少妄动。卦辞‘盥而不荐’暗示：准备工作要做好，但勿急于求成。邵雍解‘坚守岗位’强调稳守本职，傅佩荣解‘贩卖洋货，须防风险’提示跨领域合作需谨慎。传统解卦‘阴长阳消，正道衰微’并非绝对凶兆，而是提醒：在不利形势下，培养预见力、真诚待人（有孚）可转危为安。总体策略：谦虚谨慎，高瞻远瞩，必要时依附德才兼备者。
风地观卦和临卦互为综卦，它们之间有什么关系？,观卦与临卦互为综卦，卦象颠倒而成：临卦（地泽临）是二阳在下、四阴在上，观卦（风地观）是四阴在下、二阳在上。临卦强调以德临人、主动进取（‘至临’、‘知临’），观卦则强调反观内省、静待时机（‘观我生’、‘观其生’）。二者分别代表动态管理与静态观察，在时序上构成完整循环：先有临卦的主动推进，再有观卦的反思修正。决策中，若得观卦，可联想此前是否过于冒进，需退一步审视全局。
我最近感情不顺，抽到观卦，能帮我看看姻缘吗？,观卦婚恋解读：卦辞‘有孚顒若’强调诚信与庄重。传统解卦明确‘婚恋不顺利，双方应经受住考验，从长计议’。卦象风行地上，喻示感情需如风般自然流动，强求不得。爻辞初六‘童观’警示目光短浅易误判；六二‘窥观’则提示管窥之见不可行。建议：真诚沟通（有孚），保持耐心（观祀观祭），避免因外界压力仓促决定。若对方态度不明，可借‘观我生’反思自身要求是否合理。结局取决于双方能否共渡磨合期，如象辞所言‘观民设教’，以德行感化而非强制。
观卦的‘风行地上’到底象征什么？能解释一下象辞吗？,象辞‘风行地上，观。先王以省方，观民设教’包含三层含义：其一，风象征教化与信息传播，风行大地喻示德政需普及各处；其二，‘省方’指君主巡狩四方，观察民情（观民）；其三，‘设教’是根据观察结果制定相应教化措施。此卦要求当政者像风一样无孔不入地体察实情。现代应用：领导者应深入一线调研（省方），根据反馈调整策略（设教）；个人成长中，也需拓宽视野（遍观）来修正认知。
占卜得观卦，问财运如何？,观卦财运解读：傅佩荣解直指‘贩卖洋货，须防风险’，因观卦下坤上巽，坤为地、巽为风，风在地表流动暗喻物品流通与波动性。卦象显示市场环境不稳定（‘阴长阳消’），宜保守观察。卦辞‘盥而不荐’提示：财务决策前充分准备（盥洗），但不急于投入（不荐）。邵雍‘平心静气，坚守岗位’建议勿盲目追高。传统解卦‘从长计议，做好退却准备’强调风险预案。若要获利，需借‘观民设教’之智：关注趋势、谨慎试探，尤其避免投机。
观卦的‘有孚顒若’怎么理解？对做人有什么启发？,‘有孚顒若’中孚指诚信，顒若形容庄敬仰慕之貌。此短语强调：诚信成为内在气质时，自然流露威严。结合祭祀场景：虽简化仪节（不荐），但心中敬意充沛（顒若）方是核心。对做人的启发——外在行为应体现内在修养，不重形式而重实质。在人际交往中，‘孚’可赢得尊重（顒若）；在职场中，诚实守信能建立信任基础。道家引申为‘大音希声’之境界，恰如观卦以德行感人，而非以权位压人。
观卦的爻辞有哪些？能逐爻解释一下吗？,观卦六爻由下而上：初六‘童观，小人无咎，君子吝’——如孩童般观察短浅，平民无妨但君子可憾。六二‘窥观，利女贞’——从门缝窥视，妇女固守尚可，丈夫则卑下。六三‘观我生，进退’——观察自身处境以决行止。六四‘观国之光，利用宾于王’——观察国家光辉，适宜作君王宾客（指入仕）。九五‘观我生，君子无咎’——有德者常省自身，必无过咎。上九‘观其生，君子无咎’——观察他人所行，君子亦无过。整体提示：观察需由浅入深，从童观到观国之光，终达内省与借鉴的统一。
风地观卦的‘观’到底是什么意思？是看还是观摩？,观卦之‘观’涵义丰富：表面是观看，但《周易》赋予其三个层次——其一仰观俯察（卦象风行地上，遍观万物）；其二政治观察（‘省方观民’即君主观摩民情）；其三内省自观（‘观我生’即反观己身）。《彖传》言‘大观在上，顺而巽，中正以观天下’，强调以中正之心观察世界。此词本质是认知方法论：先广泛接收信息（外观），再冷静分析（内省），最后形成智慧（设教）。现代人可借鉴为‘带着觉知观察’，避免主观臆断。
观卦在《周易》中排第几？为什么说它是中上卦？,观卦为《周易》第二十卦，位于临卦之后（临者大也，物大然后可观）。称为中上卦，理由有三：其一，阴阳结构合理（四阴承二阳，柔顺在上）；其二，《彖传》赞‘中正以观天下’，暗含和谐秩序；其三，象辞‘观民设教’体现治理智慧，引导良性互动。此卦虽非上上大吉（如乾、坤），但提示通过观察可规避风险，故位列中上。唯需警惕‘童观’与‘窥观’之弊，否则降为中下。
问：最近求职面试，抽到观卦，是否预示不利？,观卦求职解读：此卦非直接凶兆，但提醒需谨慎。卦辞‘盥而不荐’喻面试前充分准备（如研究公司背景），但不可急于表现（不荐）。象辞‘风行地上’提示要像风一样适应环境、灵活展示能力。爻辞六四‘观国之光，利用宾于王’为吉兆：若观察公司文化（观国之光），契合则易获位。整体策略：面试时多倾听观察，少自我吹嘘；若被拒，则退而‘观我生’——反思是否能力匹配。结局宜长远规划，如传统解卦所言‘高瞻远瞩’。
观卦的“盥而不荐”和《道德经》里的“大器晚成”类似吗？,两者确有相通之处。‘盥而不荐’强调准备充分（盥）而行动审慎（不荐），与‘大器晚成’的‘慢工细活’精神一致。但观卦更侧重内在诚信（有孚），而非被动等待。哲学层面：观卦属于认知论（观察后才决策），《道德经》则强调‘无为而无不为’。若将观卦比作静水深流，则‘盥而不荐’是蓄势待发，而‘大器晚成’是水到渠成。现实中引用：项目推进前需详察（观），切勿急于铺展。
观卦对心理健康有什么启示？现代人容易焦虑，如何运用观卦？,观卦是极佳的心理调适工具。卦象风行地上喻示：焦虑源于信息不足或过度聚焦细节。对策：一、广度观望——像风一样不囿于一点，用全局视角看问题（如写焦虑清单并分类）；二、深度内观——爻辞‘观我生’即正念觉察情绪来源，而非抗拒；三、仪式简化——‘盥而不荐’可理解为：不必完美主义（不荐），先完成基础功课（盥）。每日静坐10分钟‘观呼吸’，即是实践观卦的‘有孚顒若’——专注中自有安宁。
结合《断易天机》的解卦，观卦的核心精髓是什么？,《断易天机》强调观卦‘象征将道义展示于众人面前’，核心是‘示德’而非‘示威’——道家谓之‘上善若水’，儒家言‘风行草偃’。此卦精髓可概括为：通过观察实现教化（观民设教），通过展示达成感召（有孚顒若）。‘风在上地在下’喻领导者的德风能自然感染下属，不威而信。操作层面：管理者应以身作则‘展示’而非命令，如优秀团队文化靠潜移默化（观），而非制度灌输。
观卦的‘先王以省方，观民设教’对现代管理者有何借鉴？,此句是古代领导力经典。‘省方’即巡视一线（现代管理者应定期走访车间/门店）；‘观民’指观察员工状态（如情绪、效率）；‘设教’是根据实况调整培训或文化。具体操作：一、建立实地调研机制（如每月走一次基层）；二、搭建员工畅言渠道（匿名反馈）；三、通过观察发现标杆案例，再推广教化。注意：需避免‘童观’（只看表面报表），要学六四‘观国之光’——从系统角度诊断问题。
占得观卦，问是否应该跳槽？,观卦跳槽解读：此卦明确提示‘处身于变化之中，宜多观察’（邵雍），跳槽需谨慎。卦象风行地上，暗示当前行业变动（如政策调整），跳槽可能是追逐热潮（风），但需确认新东家根基（地）。爻辞初六‘童观’警示：若仅因薪资或排名而跳（短视），则凶。六二‘窥观’更不利：只看片面信息作决策。建议：一、对照九五‘观我生’反省自身价值诉求；二、利用‘观国之光’多方考察目标公司文化与赛道前景。若准备充分（盥），则可尝试行动（荐）；否则静待时机。
观卦与‘知行合一’理念如何关联？,观卦本质是‘知’（观察）与‘行’（设教）的统一。卦辞‘盥而不荐’即‘知’——先洁净心念（理论准备）；‘有孚顒若’是良知本体的状态，类似王阳明‘心即理’。爻辞‘观我生，进退’正是通过自省（知）来决断行止（行）。在项目管理中：先市场调研（观），再制定方案（行），如象辞‘省方’（知）后‘设教’（行）。若误解‘观’为被动观望，则违背《周易》‘变易’主旨——观察本身即为一种谦卑的行动。
观卦的‘阴长阳消’如何理解？真的是衰退之兆吗？,‘阴长阳消’是观卦的卦象特征：四阴爻在下渐长，二阳爻在上渐消。这并非绝对凶兆，而是自然节律的体现。《周易》强调‘崇阳抑阴’但承认阴的合理性。在人事上：若阳为领导者，阴为民众，则‘阴长’意味着民意觉醒、基层力量壮大，对独裁者是衰退，对民主领导却是‘观民设教’的契机。故有‘中正以观天下’之断。现代解读：市场从暴利（阳）转向微利（阴）时，考验精细化运营能力（观）。顺应此势者，反得长久。
观卦的六个爻中，哪个爻最重要？为什么？,九五爻最为关键，因阳爻居君位（五爻），且得中。爻辞‘观我生，君子无咎’——君王（或最高决策者）能反躬自省（观我生），则天下无咎。这与卦象‘风行地上’呼应：风（君德）需不断调整方向以滋养万物。此爻重要在：一、体现观卦‘内观’核心；二、示范领导者需先自正再正人。现代管理：CEO定期做360度评估，即是‘观我生’实践。若九五失位，则上下爻皆乱（如初六童观、上九观其生无实质影响）。
风地观卦与风水学有关吗？家里如何布置？,观卦在风水应用：上巽（风）下坤（地），卦象为‘风生水起’之兆。居家布置：坤为西南方，可在此位放置风扇或绿植（木生风），增强流通性；巽为东南方，需保持通风明亮，避免堆积杂物。卦辞‘盥而不荐’暗示：家宜简洁（不荐重物），但需有序清洁（盥）。爻辞六四‘观国之光’可引申为窗景需开阔（如挂山水画），以吸纳吉气。整体宜大量留白、光照通透，符‘风行地上’之象。
