挂名,挂的内容
乾卦,"乾。元，亨，利，贞。
象曰：天行健，君子以自强不息。
白话文解释
乾卦：大吉大利，吉利的贞卜。
《象辞》说：天道刚健，运行不已。君子观此卦象，从而以天为法，自强不息。
《断易天机》解
乾象征天，六阳爻构成乾卦，为《易经》六十四卦之首。纯阳刚建，其性刚强，其行劲健，大通而至正，兆示大通而有利，但须行正道，方可永远亨通。
北宋易学家邵雍解
刚健旺盛，发育之功；完事顺利，谨防太强。
得此卦者，天行刚健，自强不息，名利双收之象，宜把握机会，争取成果。女人得此卦则有过于刚直之嫌。
台湾国学大儒傅佩荣解
时运：临事刚健，自强不息。
财运：施比受有福，不利买而利卖。
家宅：积善有余庆；女子过刚宜慎重。
身体：保健有恒。
传统解卦
这个卦是同卦（下乾上乾）相叠。象征天，喻龙（德才的君子），又象征纯粹的阳和健，表明兴盛强健。乾卦是根据万物变通的道理，以“元、亨、利、贞”为卦辞，表示吉祥如意，教导人遵守天道的德行。
大象：天行刚健，自强不息。
运势：飞龙在天，名利双收之象，宜把握机会，争取成果。
事业：大吉大利，万事如意，心想事成，自有天佑，春风得意，事业如日中天。但阳气已达顶点，盛极必衰，务须提高警惕，小心谨慎。力戒骄傲，冷静处世，心境平和，如是则能充分发挥才智，保证事业成功。
经商：十分顺利，有发展向上的大好机会。但切勿操之过急，宜冷静分析形势，把握时机，坚持商业道德，冷静对待中途出现的困难，定会有满意的结果。
求名：潜在能力尚未充分发挥，只要进一步努力，克服骄傲自满情绪，进业修德，以渊博学识和高尚品质，成君子之名。
婚恋：阳盛阴衰，但刚柔可相济，形成美满结果。女性温柔者更佳。
决策：可成就大的事业。坚持此卦的刚健、正直、公允的实质，修养德行，积累知识，坚定信念，自强不息，必能克服困难，消除灾难。"
坤卦,"坤。元，亨，利牝马之贞。君子有攸往，先迷后得主。利西南得朋，东北丧朋。安贞，吉。
象曰：地势坤，君子以厚德载物。
白话文解释
坤卦：大吉大利。占问雌马得到吉兆。君子前去旅行，先迷失路途，后来找到主人，吉利。西南行获得财物，东北行丧失财物。占问定居，得到吉兆。
《象辞》说：大地的形势平铺舒展，顺承天道。君子观此卦象，取法于地，以深厚的德行来承担重大的责任。
《断易天机》解
坤卦坤上坤下，为坤宫本位卦。坤卦为柔顺，为地气舒展之象，具有纯阴之性，先失道而后得主，宜往西南，西南可得到朋友。
北宋易学家邵雍解
柔顺和静，厚载之功；静守安顺，妄动招损。
得此卦者，宜顺从运势，以静制动，不宜独立谋事，顺从他人，一起合作，可成大事。
台湾国学大儒傅佩荣解
时运：为人厚道，声名远传。
财运：满载而归。
家宅：家庭安稳；婚嫁大吉。
身体：柔软运动。
传统解卦
这个卦是同卦（下坤上坤）相叠，阴性。象征地（与乾卦相反），顺从天，承载万物，伸展无穷无尽。坤卦以雌马为象征，表明地道生育抚养万物，而又依天顺时，性情温顺。它以“先迷后得”证明“坤”顺从“乾”，依随“乾”，才能把握正确方向，遵循正道，获取吉利。
大象：大地承载万物，以德服众，仁者无敌。
运势：诸事不宜急进，以静制动为宜。
事业：诸项事业可以成功，得到预想的结果，但开始出师不利，为困境所扰。切莫冒险急进，须小心谨言慎行，尤其不可单枪匹马，独断专行。取得朋友的关心和支持最为重要，在他人的合作下，共同完成事业。因此，应注重内心修养，积蓄养德，效法大地，容忍负重，宽厚大度，以直率、方正、含蓄为原则，不得贪功自傲，持之以恒，谋求事业的成功。
经商：机遇不很好，切莫冒险，以稳健为妥，遇到挫折，务必即时总结经验。注意储存货物，待价而沽，处处小心为是。
求名：比较顺利，具备基本条件，踏踏实实，埋头苦干，不追求身外之物，即可吉祥。
婚恋：阴盛。以柔克刚，女方柔顺，美好姻缘，白头到老。
决策：忠厚、温和，待人真诚，热心助人，因此也能得到他人的帮助，可往往因不提防小人而受到伤害，但无大碍。性格灵活，工作方法多样，可以左右逢源，得到赞许。"
屯卦,"屯。元，亨，利，贞。勿用，有攸往，利建侯。
象曰：云，雷，屯；君子以经纶。
白话文解释
屯卦。大吉大利，吉利的占卜。不利于出门。有利于建国封侯。
《象辞》说：屯的上卦为坎，坎为云，下卦为震，震为雷。云行于上，雷动于下，是屯卦的卦象。君子观此卦象，取法于云雷，用云的恩泽，雷的威严来治理国事。
《断易天机》解
屯卦坎上震下，为坎宫二世卦。屯说明有困难，又象征动而逢险境，需刚毅果敢方为吉。
北宋易学家邵雍解
万物始生，开始困难；先劳后逸，苦尽甘来。
得此卦者，身处困境，宜守不宜进，须多加辛苦努力，排除困难，方可通达，有初难后解之象。
台湾国学大儒傅佩荣解
时运：宜守不宜进。
财运：创业维艰。
家宅：修缮住宅；初婚不和。
身体：保存元气。
传统解卦
这个卦是异卦（下震上坎）相叠，震为雷，喻动；坎为雨，喻险。雷雨交加，险象丛生，环境恶劣。“屯”原指植物萌生大地，万物始生，充满艰难险阻，然而顺时应运，必欣欣向荣。
大象：屯者难也，万事欲进而不得进。
运势：身处困境，步步为营，有初难后解之意。
事业：起初多有不利，要知难而进，小心翼翼，勇往直前，灵活机动，可望获得大的成功，时机到来时一定要抓住，却也不得操之太急，且仍有困难，务必有他人相助，故平时应多施恩惠。
经商：创业初期步履艰难，多有挫折。坚定信念最重要，不要为表面现象所迷惑，应积极进取，行动果断，打开出路。若仍无法摆脱困境，则应退守保全，等待机会，再展宏图。
求名：积极争取，主动追求，可以成功。
婚恋：好事多磨，忠贞纯洁，大胆追求，能够成功，婚姻美满。
决策：初始困难，但若具有坚忍不拔的毅力和锲而不舍的奋斗精神，前途不可估量，但往往不为他人理解而陷于孤独苦闷，事业会因此处于困难状态，需要得到贤德之人的帮助才能摆脱。如能以乐观主义精神处世，能取得成就。"
蒙卦,"蒙。亨。匪我求童蒙，童蒙求我。初筮告，再三渎，渎则不告。利贞。
象曰：山下出泉，蒙。君子以果行育德。
白话文解释
蒙卦：通泰。不是我有求于幼稚愚昧的人，而是幼稚愚昧的人有求于我。第一次占筮，神灵告诉了他。轻慢不敬的再三占筮，轻慢不敬的占筮，神灵就不会告诉他。但还是吉利的卜问。
《象辞》说：上卦为艮，象征山；下卦为坎，象征泉。山下有泉，泉水喷涌而出，这是蒙卦的卦象。君子观此卦象，取法于一往无前的山泉，从而以果敢坚毅的行动来培养自身的品德。
《断易天机》解
蒙卦艮上坎下，为离宫四世卦。蒙即蒙昧，主回还往复，疑惑不前，多忧愁过失，乃是凶卦。
北宋易学家邵雍解
智慧未开，蒙昧闭塞；犹豫不决，缺乏果断。
得此卦者，智慧犹如童蒙，不辨是非，迷失方向；若能顺贤师良友之教，启其聪明则亨通。
台湾国学大儒傅佩荣解
时运：蓄积德行，出而用世。
财运：矿山生意，果决则吉。
家宅：君子居吉；婚姻之始。
身体：驱去邪热，可保平安。
传统解卦
这个卦是异卦（下坎上艮）相叠，艮是山的形象，喻止；坎是水的形象，喻险。卦形为山下有险，仍不停止前进，是为蒙昧，故称蒙卦。但因把握时机，行动切合时宜，因此，具有启蒙和通达的卦象。
大象：蒙者，昏而无所见也，故宜「启蒙」。
运势：初时迷惑不知方向，须忍耐待机而动，凡事多听取别人意见，则运可通。
事业：事业开始，混乱无序，危机四伏，以勇敢坚毅的行动可以扭转局面。然而必须接受严格教育，培养这种奋发图强的精神。务必脚踏实地，最忌好高骛远，否则会陷入孤立无援的境地。
经商：务必小心谨慎，不得急功近利，尤其应树立高尚的商业道德，以良好的信誉提高竞争力而取胜。
求名：必须接受良好的基础教育，陶冶情操。且动机纯正，可以达到目的。
婚恋：注意考察对方品德，不可以金钱为诱铒。夫妻需相互宽容、理解。
决策：有时会陷入迷惘困顿的境地，加上胆小、不果断，往往误事。如能接受长辈的教诲，甚至严酷的考验，抛弃疑惧的心理，等待适当时机，必然一帆风顺。"
需卦,"需。有孚，光亨，贞吉。利涉大川。
象曰：云上于天，需；君子以饮食宴乐。
白话文解释
需卦：抓到俘虏。大吉大利，吉利的卜问。有利于涉水渡河。
《象辞》说：需的上卦为坎，表示云；下卦为乾，表示天。云浮聚于天上，待时降雨是需卦的卦象。君子观此卦象，可以宴饮安乐，待时而动。
《断易天机》解
需卦坎上乾下，为坤宫游魂卦。需为踌躇、期待，虽然刚强，但前面有险阻，应当等待，涉大川则利。
北宋易学家邵雍解
坎陷当前，遇阻不进；大器晚成，收成在后。
得此卦者，时机尚未成熟，需要耐心等待，急进反会见凶。
台湾国学大儒傅佩荣解
时运：时机尚未成熟，耐心等待。
财运：资本未集，无法开张。
家宅：平安是福。
身体：调节饮食，健康有望。
传统解卦
这个卦是异卦（下乾上坎）相叠，下卦是乾，刚健之意；上卦是坎，险陷之意。以刚逢险，宜稳健之妥，不可冒失行动，观时待变，所往一定成功。
大象：云登天上而未雨，不能急进，等待时机之象。
运势：智者必须待时而行，急进反见凶险。
事业：关键在于审时度势，耐心等待，事成于安祥，切勿冒险，欲速不达。自己要充满自信，临危不惧，坚守中正，必可化险为夷。情况有利时，仍得居安思危。
经商：行动之初，情况困难，必须以极大的耐心，创造条件和机会，行事光明磊落，观时待变，实现愿望。事情接近成功时，更应小心谨慎，切莫功亏一篑。
求名：时机尚不成熟，应耐心等待。这时应坚定信念，不为闲言流语所动摇，努力丰富自己，再求助可靠的人便可成功。
婚恋：慎重，切不可草率行事，逐渐培养感情，以诚实、热情相待，会发生变故，仍可以有良好的结局。双方都应懂得以柔克刚的道理。
决策：前途光明，有雄心大志，且可实现。为此需要积蓄实力，等待时机，大器晚成。本人具有坚强的意志，冷静的头脑。前进途中会遇到困难和险阻，必须十分谨慎，坦然对待小人的中伤，在灾祸在面前能镇静自若。不轻举妄动，冷静选择方向。为人谦和、坦率，多有他人相助，促使事业成功。当时机成熟后，必然一帆风顺。"
讼卦,"讼。有孚，窒惕，中吉，终凶。利见大人，不利涉大川。
象曰：天与水违行，讼。君子以做事谋始。
白话文解释
讼卦：虽有利可图(获得俘虏)，但要警惕戒惧。其事中间吉利，后来凶险。占筮得此爻，有利于会见贵族王公，不利于涉水渡河。
《象辞》说：上卦为乾，乾为天；下卦为坎，坎为水，天水隔绝，流向相背，事理乖舛，这是讼卦的卦象。君子观此卦象，以杜绝争讼为意，从而在谋事之初必须慎之又慎。
《断易天机》解
讼卦乾上坎下，为离宫游魂卦。上乾为刚，下坎为险，一方刚强，一方阴险，必然产生争论，因此多有不吉。
北宋易学家邵雍解
天高水深，达远不亲；慎谋退守，敬畏无凶。
得此卦者，身心不安，事多不顺，与他人多争诉之事，宜修身养性，谨慎处事。
台湾国学大儒傅佩荣解
时运：功名受阻，不宜树敌。
财运：开始谨慎，终可获利。
家宅：君子必求淑女。
身体：预防胜于治疗。
传统解卦
这个卦是异卦（下坎上乾）相叠。同需卦相反，互为“综卦”。乾为刚健，坎为险陷。刚与险，健与险，彼此反对，定生争讼。争讼非善事，务必慎重戒惧。
大象：乾天升于上，坎水降于下，相背而行而起讼。
运势：事与愿违，凡事不顺，小人加害，宜防陷阱。
事业：起初顺利，有利可图，继而受挫，务必警惕，慎之又慎，不得固执已见，极力避免介入诉讼纠纷的争执之中。与其这样，不如退而让人，求得化解，安于正理，可免除意外之灾。陷入争讼，即使获胜，最后还得失去，得不偿失。
经商：和气生财，吃亏是福，切勿追求不义之财。商业谈判应坚持公正、公平、互利的原则，尽量避免发生冲突。这样便会有好结果。
求名：不利。自己尚缺乏竞争实力，应坚守纯正，隐忍自励，自强自勉，切莫逞强。依靠有地位的人的帮助，及早渡过难关。
婚恋：虽不尽人意，倒也般配，彼此理解，未尝不可。双方应以温和的方式处理生活。
决策：争强好胜，不安于现状，为改变命运和超越他人而奋斗。头脑聪颖，反应敏捷，有贵人相助。但缺乏持之以恒的毅力，容易露出锋芒，得罪他人，带来诉讼之灾。宜承认现实，顺其自然，知足，适可而止。接受教训，引以为戒，可功成名就。"
师卦,"师。贞，丈人吉，无咎。
象曰：地中有水，师。君子以容民畜众。
白话文解释
师卦：占问总指挥的军情，没有灾祸。
《象辞》说：下卦为坎，坎为水；上卦为坤，坤为地，像“地中有水”，这是师卦的卦象。君子观此卦象，取法于容纳江河的大地，收容和畜养大众。
《断易天机》解
师卦坤上坎下，为坎宫归魂卦。师即兵众，只有选择德高望重的长者来统率军队，才能吉祥无咎。
北宋易学家邵雍解
忧劳动众，变化无穷；公正无私，排除万难。
得此卦者，困难重重，忧心劳众，宜包容别人，艰苦努力，摒除一切困难。
台湾国学大儒傅佩荣解
时运：包容别人，修行待时。
财运：有财有库，善自珍惜。
家宅：旧亲联姻，可喜可贺。
身体：腹胀之症，调气无忧。
传统解卦
这个卦是异卦（下坎上坤）相叠。“师”指军队。坎为水、为险；坤为地、为顺，喻寓兵于农。兵凶战危，用兵乃圣人不得已而为之，但它可以顺利无阻碍地解决矛盾，因为顺乎形势，师出有名，故能化凶为吉。
大象：养兵聚众，出师攻伐之象，彼此有伤，难得安宁。
运势：困难重重，凡事以正规行事，忌独断独行、投机取巧，提防潜在敌人。
事业：阻力很大，困难很多，处于激烈的竞争状态，要与他人密切合作，谨小慎微，行为果断，切忌盲目妄动，适度即可，注意保全自己。机动灵活，严于律已。从容沉着对付一切，必能成功。
经商：已有一定的积蓄，可以从事大的营销活动，但必卷入激烈商战，以刚毅顽强的精神和高尚的商业道德，辅以灵活的方法，勿贪图小利，勿掉以轻心，加强与他人的沟通，必可摆脱困境，化险为夷。
求名：具备很好的条件，但须有正确的引导，务必严格要求自己，克服不利因素的干扰，经过扎实努力，必可名利双全。
婚恋：慎重、专注，否则会陷入“三角”纠纷。痴情追求可以达到目的。
决策：天资聪颖，性格灵活，具有坚强的意志，对事业执着追求，迎难而进。可成就大事业。喜竞争，善争辩，富有冒险精神，不免带来麻烦，务老成持重，不贪功，以中正为要。"
比卦,"比。吉。原筮，元永贞，无咎。不宁方来，后夫凶。
象曰：地上有水，比。先王以建万国，亲诸侯。
白话文解释
比卦：吉利。同时再卜筮，仍然大吉大利。卜问长时期的吉凶，也没有灾祸。不愿臣服的邦国来朝，迟迟不来者有难。
《象辞》说：下卦为坤，上卦为坎，坤为地，坎为水，像地上有水，这是比卦的卦象。先王观此卦象，取法于水附大地，地纳江河之象，封建万国，亲近诸侯。
《断易天机》解
比卦坎上坤下，为坤宫归魂卦。比为相亲相依附之意，长期如此，就会无咎，所以吉祥。
北宋易学家邵雍解
水行地上，亲比欢乐；人情亲顺，百事无忧。
得此卦者，可获朋友之助，众人之力，谋事有成，荣显之极。
台湾国学大儒傅佩荣解
时运：众人相贺，荣显之极。
财运：善人相扶，大发利市。
家宅：百年好合。
身体：心腹水肿，宜早求治。
传统解卦
这个卦是异卦（下坤上坎）相叠，坤为地，坎为水。水附大地，地纳河海，相互依赖，亲密无间。此卦与师卦完全相反，互为综卦。它阐述的是相亲相辅，宽宏无私，精诚团结的道理。
大象：一阳统五阴，比邻相亲相辅，和乐之象。
运势：平顺，可得贵人提拔，凡事宜速战速决，不可过份迟疑。
事业：顺利能够成功，向前发展，可以得到他人的帮助和辅佐，以诚实、信任的态度去做事。待人宽厚、正直，主动热情，向才德高尚的人士学习，听取建议。
经商：愿望能够实现，且有较丰厚的利润，但需要与他人密切合作，真诚交往，讲究商业道德，遵守信义，如唯利是图，贪心不足，或自以为是，会导致严重损失。
求名：有成功的希望，不仅要靠个人的努力，更为重要的是他人的赏识和栽培。
婚恋：美好姻缘，相亲相爱，彼此忠诚，白头到老。
决策：心地善良，待人忠诚、厚道，乐于帮助他人，也能得到回报。工作勤恳，对自己要求严格，可以实现自己的理想，但要多动脑筋，多思考，善于判断是非，尤其要注意选择朋友，一旦结上品行不端的人，会成为自己的祸患。如果与比自己高明的人交朋友，并取得帮助，会终身受益。"
小畜卦,"小畜。亨。密云不雨，自我西郊。
象曰：风行天上，小畜。君子以懿文德。
白话文解释
小畜卦：吉利。在西郊一带浓云密布，但雨没有下来。
《象辞》说：上卦为巽，巽为风；下卦为乾，乾为天，和风拂地，草木低昂，勃勃滋生，这是小畜的卦象。君子观此卦象，取法催发万物的和风，自励风范，推行德教。
《断易天机》解
小畜卦巽上乾下，为巽宫初世卦。小畜为小的蓄积、小的阻碍，阳盛而阴不足，以致不得不暂时停顿，但终究还能亨通。
北宋易学家邵雍解
力量寡弱，阻止前进；藏器待时，耐心推进。
得此卦者，力量薄弱，运势反覆，宜蓄养实力，静待时机，急进则有险，凡事须耐心推进。
台湾国学大儒傅佩荣解
时运：平平无奇，受人牵制。
财运：外表不错，内多耗损。
家宅：小康，须防口舌；娶得淑女。
身体：风火之症；小孩吉，大人凶。
传统解卦
这个卦是异卦（下乾上巽）相叠，乾为天，巽为风。喻风调雨顺，谷物滋长，故卦名小畜（蓄）。力量有限，须待发展到一定程度，才可大有作为。
大象：蓄养之量有限，力不从心，故宜忍耐蓄养实力，静待时机。
运势：运势反覆，有口舌之争，但难于短期内解决，须忍耐，静待时机。
事业：时机尚不成熟，应当耐心而积极地积存力量，切不可冒险行动。遇到挫折不可灰心，鼓起勇气战胜困难，坚持原则，加强团结合作，提前做好各项准备，会有所成。
经商：已有一定的基础，但有失去危险，一定要特别慎重，争取与他人真诚合作，共同获利，决不贪心，适可而止，但更不能满足现状，不图进取。
求名：树立远大目标，尽最大努力去争取，虚心求教他人，取得真诚帮助，实现自己的理想，警惕小人的破坏。
婚恋：双方必须十分忠诚，第三者插足的现象极有可能发生。
决策：不很顺利，前进途中会遇到一些意想不到的困难。但由于本人性格坚强，具有战胜不利条件的意志。因此，可以实理自己的理想。但极有可能遭到小人的伤害，必须得到志同道合者的真诚相助，才能可能排除障碍。对所得应满足，适可而止，切不可过度追求，以免满招损。

第九卦的哲学含义

小畜卦，这个卦是异卦相叠，下卦为乾，上卦为巽。乾为天，巽为风。喻风调雨顺，谷物滋长，故卦名小畜。畜的本义是田中作物茂聚，引申为积畜，小畜为一点点积畜。因为力量有限，还没有达到大畜的程度，所以须待发展到一定程度，才可大有作为。
小畜卦位于比卦之后，《序卦》之中这样解释道：“比必有所畜，故受之以小畜。”比合在一起一定会有所积蓄，所以接着是小畜卦。
象辞中说“君子以懿文德”，荀爽认为指的是周文王在西岐时还没有做天子，不 能把恩泽、政令施于民，所以只能美化自己的道德。事实上，这一卦应当描述的是周 公摄政的事。周公称王代替年幼的成王治理天下，而其依然自认为是臣民，所以以柔 顺之德居于六四之位，周公的东征，正是为周公之治的兴盛打下了基础，所以周公摄 政东征后，使西周的经济出现了小小的积蓄。"
履卦,"履。履虎尾，不咥人，亨。
象曰：上天下泽，履。君子以辨上下，定民志。
白话文解释
履卦：踩着虎尾巴，老虎不咬人，吉利。
《象辞》说：本卦上卦为乾，为天，下卦为兑，为泽，上天下泽，尊卑显别，这是履卦的卦象。君子观此卦象，从而分别上下尊卑，使人民循规蹈矩，安份守纪。
《断易天机》解
履卦乾上兑下，为艮宫五世卦。履为履行之意，又寓意礼，提示占筮者要兢兢戒惧，遵守礼节，这样才有惊无险。
北宋易学家邵雍解
步履不安，困难危险；谦虚自重，敬慎事主。
得此卦者，困难时期，多坎坷不顺，万事不宜急进，须循序渐进，谨慎行事。
台湾国学大儒傅佩荣解
时运：依序升进，不可攀缘。
财运：明察货品，待时而售。
家宅：门庭严整。
身体：疏通气血。
传统解卦
这个卦是异卦（下兑上乾）相叠，乾为天，兑为泽，以天喻君，以泽喻民，原文：“履（踩）虎尾，不咥（咬）人”。因此，结果吉利。君上民下，各得其位。兑柔遇乾刚，所履危。履意为实践，卦义是脚踏实地的向前进取的意思。
大象：柔弱遇刚强，欲行却难行之象，难且危也。
运势：先劳而后逸，始惊而后安，百事不宜急进，须以和待人，有惊无险。
事业：起初很不顺利，受到种种威胁，若能提高警惕，谨小慎微，脚踏实地，逐个地去克服困难，不改变自己的决心，一定可以达到目的。办事有自知之明，务必量力而行，不可不顾实际，尤其不得逞强，急于求成。
经商：宜待观动静，勿为小利而动摇自己计划，尤其不得贪得无厌，遵循商业道德，了解全面信息。
求名：务必有恒心，孜孜以求，不为财富利诱，不为世俗干扰，坚持自己的志向和理想，可以取得成功。
婚恋：双方安贫乐道，可和睦相处，若一方为富贵所动，会发生婚变。
决策：诸事必须小心慎重，不利的情况经常会出现，但若能处理得好，总会是有惊无险，化险为夷。为此，办事必须认认真真，遵循正道，虚心听取别人的建议，量力而行，切莫自负逞强，一定会有好的结果。

第十卦的哲学含义：

履卦，这个卦是异卦相叠，下卦为兑，上卦为乾。乾为天;兑为泽，以天喻君，以泽喻民。君上民下，各得其位。
从卦像上看，履卦是兑下乾上。乾刚健，才德无比，这正是兑所不能及的。
从卦形我们还能看出，乾为天在上，兑为泽在下，这意味着天在下雨，地则把雨水汇集为泽。这是顺乎自然、合乎事物存在和发展规律的。所以在学习和实践之中，还要遵循自然的规律。
履卦是兑下乾上，传统称作天泽履。这一卦的卦形，恰好与“小畜”上下相反。彼此是相对卦，一停一进交互为用。《序卦传》说：“物畜然后有礼，故受之以履。履者，礼也。”这是说，物资蓄积后，就要制定礼节，将“履”解释为“礼”。“礼”与“履”同音，“礼”必须人来履行，所以这样解释。
在易经之中，履这一卦主要是践履、履行的意思。《杂卦》说：“履，不处也。”履是行进而不停留。《说文》中指出：“履，足所依也。”履是脚上穿的鞋子。综上所述，履的本义是鞋子，引伸为践履，履进，礼节。古人认为，人的行动要受到礼的节制，不然就会乱来，故履有该怎样行动的意思，这就是礼。
履卦与小畜互为综卦，这两卦的卦爻结构都是一阴对五阳，但是小畜卦的六四以阴居阴，当位得正，柔顺利贞，能够蓄止刚势力前进的势头，而履卦的六三以阴居阳，本身也带有一事实上的刚性，由此而形成的态势就不是如同小畜卦那样的以柔软蓄刚，而是以刚遇刚了。
履卦的智慧之象，有笠，成立义;文书破，损义;女子乃好，有伞有所庇盖;卓旗官人边坐，门旗义;堠上有千里字，坐镇千里之侯伯。"
豫卦,"豫。利建侯行师。
象曰：雷出地奋，豫。先王以作乐崇德，殷荐之上帝，以配祖考。
白话文解释
豫卦：有利于封侯建国，出兵打仗。
《象辞》说：本卦上卦为震，震为雷，下卦为坤，坤为地。春雷轰鸣，大地震动，催发万物，这是豫卦的卦象。先王观此卦象，取法于声满大地的雷鸣，制作音乐，歌功颂德，光荣归于上帝，光荣归于祖考。
《断易天机》解
豫卦震上坤下，为震宫初世卦。雷出地奋，象征春雷使万物苏醒，君王之威行于子民，因此有利于建候、行师。
家运:家庭和合，有通亨之象，凡事宜检点得失，不可胡为，否则招灾不利。
疾病:久病不利，注意肠肺及头部之症。
胎孕:生贵子。安而无灾。生女亦均无碍。
子女:亲子和睦，幸福圆满。留心教养，勿使太任性，否则沦于不幸之破运。
周转:可成。
买卖:交易有益，得利。
等人:会来。
寻人:在朋友或亲戚家里，有信息也。可寻。
失物:不会出现。
外出:一帆风顺。
考试:上榜有望，宜再努力勿懈。
诉讼:是非由小事化大，终可和解。
求事:吉利亨通。
改行:吉。
开业:开业者吉利之象。

第十一卦的哲学含义

为阴。本来乾为天，应该在上，坤为地，应该在下，但是，泰卦这种上坤下乾却很吉利。上卦为坤，为地，地属阴气;下卦为乾，为天，天为阳气。阴气凝重而下沉，阳气清明而上升，阴阳交感。阳气上升若无制约，就会耗尽能量，也不会产生结果，阴气下沉若无制约，也会耗尽能量，故阳气上升，有阴气覆护;阴气下沉，有阳气承托。阴阳交感，上下互通，天地相交，万物泰安。 《象》曰：天地交，泰;后以财成天地之道，辅相天地之宜，以左右民。 《象》中指出：泰卦的卦象为乾(天)下坤(地)上，地气上升，乾气下降，为地气居于乾气之上之表象，阴阳二气一升一降，互相交合，顺畅通达;君主这时要掌握时机，善于裁节调理，以成就天地交合之道，促成天地化生万物之机宜，护佑天下百姓，使他们安居乐业。 泰卦象征通达，启示了因时而变的道理，属于中中卦。《象》这样来断此卦：学文满腹入场闱，三元及第得意回，从今解去愁和闷，喜庆平地一声雷。 此卦的卦名为泰。《说文》中说，“泰，大也。”《礼记•曲礼上》疏，“泰者，大中之大也。”可见泰的意思是极其的博大。地大物博，人们自然就富裕，所以泰也有富裕、宽裕的意思。人们丰衣足食，社会就会和平安定，所以泰还含有平安、稳定的含义。"
否卦,"否。否之匪人。不利君子贞。大往小来。
象曰：天地不交，否。君子以俭德辟难，不可荣以禄。
白话文解释
否卦：为小人所隔阂，这是不利于君子的占卜，事业也将由盛转衰。
《象辞》说：天地隔阂不能交感，万物咽窒不能畅釜，这是否卦的卦象。君子观此卦象，从而在国家政治否塞之时，应思隐居不仕，以崇尚俭约来躲避灾难，不要以利禄为荣。
《断易天机》解
否卦乾上坤下，为乾宫三世卦。否象征闭塞不通，是不吉之兆。否卦中，阴阳不交，是一切都不和谐之象。
北宋易学家邵雍解
大往小来，闭塞不通；否极泰来，修德避难。
得此卦者，万物闭塞之象，上下不合，诸事不顺，凡事宜忍，须待时运好转而有为。
台湾国学大儒傅佩荣解
时运：诸事不顺，不可妄动。
财运：适宜买入，后可获利。
家宅：勤俭免祸；仳离之象。
身体：气血不通，节制饮食。
传统解卦
这个卦是异卦（下坤上乾）相叠，其结构同泰卦相反，系阳气上升，阴气下降，天地不交，万物不通。它们彼此为“综卦”，表明泰极而否，否极泰来，互为因果。
大象：天气上升，地气下降，天地之气不交，主闭塞不通。
运势：上下不和，百事不通，凡事宜忍，须知否极泰来。
事业：陷入逆境，事业处于衰退阶段，多有不顺利。受小人干扰而不得志，多挫折。应坚持正道，勿与小人合流，团结志同道合者，自保以等待时机。保持自信心，戒慎恐惧，形势定会好转，事业终能成功。
经商：遇到强大的竞争对手，处于不利地位，信息不灵造成重大损失。应格外小心谨慎，坚持守势，等待有利时机到来，再努力发展自己的事业。
求名：条件还不成熟，再努力一阵子，并得到他人的帮助，理想可以实现。
婚恋：容易出现节外生枝的事情，甚至发生挫折和变故，双方若都充满信心，好的结果会出现。
决策：本人聪慧，精明，勤奋努力，但不注意人际关系，加上小人的排斥，命运或遭厄运。意志坚强，具有奋斗精神，且克服了不足，尽管付出的代价很高，必能成全事业。

第十二卦的哲学含义 

从卦形上看，乾在上，上为天，坤在下，下为地，各在各的位置上，这意味着互不交往，不与外界发生关系，位置固定不变，按着陈规陋习办事。“否”卦是不通畅、阻塞、恶化、贬斥的意思。是自己把自己封闭起来，阻塞了前进的道
否卦是不利君子，小人就要得势，君子将要隐退的趋向。小人挡住了君子的道路，因为坤属于内卦，乾属于外卦，有小人主内政，君子靠外，小人得势，君子受排斥之像。
否卦位于泰卦之后，《序卦》之中这样解释道：“物不可终通，故受之以否。”永远通达是不可能的，所以会有阻塞，所以接下来讲的就是否卦。
《象》曰：天地不交，“否”；君子以俭德辟难，不可荣以禄。
《象》中指出：否卦的卦象为坤（地）下乾（天）上，为天在地上之表象。天在极高之处，地在极低之处，天地阴阳之间因而不能互相交合，所以时世闭塞不通，这时候君子必须坚持勤俭节约的美德，以避开危险与灾难不能谋取高官及丰厚的俸禄，去追求荣华富贵。否卦象征闭塞，属于中中卦。《象》中这样来断此卦：虎落陷坑不堪言，进前容易退后难，谋望不遂自己便，疾病口舌事牵连。"
同人卦,"同人。同人于野，亨。利涉大川，利君子贞。
象曰：天与火，同人；君子以类族辨物。
白话文解释
同人卦：聚众于郊外，将行大事，吉利。有利于涉水渡河，有利于君子的卜问。
《象辞》说：同人之卦，上卦为乾为天为君王，下卦为离为火为臣民，上乾下离象征君王上情下达，臣民下情上达，君臣意志和同，这是同人的卦象。君子观此卦象，取法于火，明烛天地，照亮幽隐，从而去分析物类，辨明情状。
《断易天机》解
同人卦乾上离下，为离宫归魂卦。同人卦象征交结情深，两人契义，同心断金。主所求皆得，事事称心。
北宋易学家邵雍解
人类相亲，与人和同；所求皆得，无不称心。
得此卦者，吉祥如意，与人合作共事更佳，上下同心，谋事有成。
台湾国学大儒傅佩荣解
时运：朋友支持，升迁顺利。
财运：合资有利，可以进取。
家宅：合家欢喜。
身体：燥热之症，另求良医。
传统解卦
这个卦是异卦（下离上乾）相叠，乾为天，为君；离为火，为臣民百姓，上天下火，火性上升，同于天，上下和同，同舟共济，人际关系和谐，天下大同。
大象：二人同心，其利断金，君子正心诚意，与人和同之象。
运势：如意吉祥，与人共事，上下皆和，又得长辈提拔。
事业：顺利、平安，尤其是在与他人的合作方面会十分成功，宜广泛开展人际活动，建立广泛的联系，克服狭隘的门户之见，照顾各方面的利益，求大同，存小异，坚持正确的原则，必能成就大事业。
经商：以真诚合作、精诚团结的态度与同行共事，公平竞争，必可获得自己应得的利益。
求名：自己必须刻苦努力，尤其要取得师长和志同道合的朋友指教、帮助，自己虚心进取，完全能够达到目的。
婚恋：多情、善交际，认识的异性朋友多，故需慎重选择，注意维护双方关系和家庭和睦。
决策：性格开朗、乐观，为人热情，人际关系好，社交能力强，要善于同他人合作，尤其要协调多方面的关系，要有原则性，与不良风气斗争，有魄力，敢作敢为，富有自我奉献精神，并具有统御能力，适于担任一定的负责。

第十三卦的哲学含义 

天火同人卦是异卦相叠而成，下卦为离，上卦为乾。乾为天，为阳，高高在上，把光明洒向人间，给人带来光明，带来温暖。离为火，在下，火光熊熊，也能给人带来光明，带来温暖。由此可见，太阳和火两者的位置虽然不同，但是作用却是一样，可谓是志同道合，由此称为同人。
《象》曰：天与火，同人；君子以类族辨物。这是告诉人们说，君子要明白物以类聚，人以群分的道理，明辨事物，求同存异，团结众人以治理天下。
同人卦象征上下和同，属于中上卦。《象》中这样来断此卦：心中有事犯猜疑，谋望从前不着实，幸遇明人来指引，诸般忧闷自消之。"
大有卦,"大有。元亨。
象曰：火在天上，大有。君子以遏恶扬善，顺天休命。
白话文解释
大有卦：昌隆通泰。
《象辞》说：本卦下卦为乾为天，上卦为离为火，火在天上，明烛四方，这是大有的卦象。君子观此卦象，取法于火，洞察善恶，抑恶扬善，从而顺应天命，祈获好运。
《断易天机》解
大有卦离上乾下，为乾宫归魂卦。大有卦为柔得尊位，抑恶扬善，丰财利义，象征天命所归，得人心，因此主吉。
北宋易学家邵雍解
日丽中天，遍照万物；盛大富有，持盈保泰。
得此卦者，正当好运，事事吉祥，大有收获，但需防物极必反，盛极转衰。
台湾国学大儒傅佩荣解
时运：亨通无比，大放异彩。
财运：放手去做，财富自来。
家宅：积善之家，子孙保之。
身体：虚火上升，小心诊治。
传统解卦
这个卦是异卦（下乾上离）相叠。上卦为离，为火；下卦为乾，为天。火在天上，普照万物，万民归顺，顺天依时，大有所成。
大象：太阳在天，遍照大地万物，但五阳争一阴，须知有盈即缺。
运势：得时得运，昌荣大吉，但防物极必反，盛极而衰。
事业：事业已经取得一定的成就，最忌得意忘形，胡作非为。务必止恶扬善，坚守中正，交往正直的朋友，戒惧谨慎，兢兢业业，真正做到大而不盈，满而不溢，事业可望迈上新的台阶。
经商：兴隆昌盛，已摆脱困难状态，进入兴旺发达的阶段，如能克制贪财的心理，确守诚信原则，公平待人，克勤克俭，尤其应时刻注意市场动向，适时转轨，可望长久。
求名：已经小有名气，切勿就此满足，停顿不前，尤其不可陷入世俗圈内，应继续努力，在真正朋友的帮助下，更上一层楼。
婚恋：条件优越，可供选择者多，以慎重为好。对于家庭双方应尽力维护。
决策：性格坚强，勇于战胜困难，奋斗向上，前进途中困难和厄运很多，唯有认真对待才能不断取得成功，如放松警惕，骄傲自满，将带来惨重失败。朋友很多，交际广泛，对事业很有帮助，但其中也有拆台的小人。

第十四卦的哲学含义
大有这一卦是异卦，由乾卦和离卦组成，上卦为离，为火;下卦为乾，为天。火在天上，普照万物，万民归顺，顺天依时，大有所成。
火天大有这一卦，从以下方面的含意而得其名：乾刚健，离光明，以刚健的行为，朝着光明的方向去奋斗，成功就大有希望，就会有所得。乾刚健，为内卦，
说明美在内心;离光明，为外卦，说明体现在外部的手段光明磊落。具备这种表里一致的美德，才是真正的大有。
火天大有卦位于同人卦之后，《序卦》中这样解释道：“与人同者，物必归焉，故受之以大有。”寻找到志同道合的人，大家齐心协力做事，物产自然丰富起来，所以接下来就是大有了。
《象》曰：火在天上，“大有”;君子以遏恶扬善，顺天休命。
这句话的意思是说，大有卦的卦象是乾(天)下离(火)上，为火在天上之表象。火焰高悬于天上，象征太阳照耀万物，世界一片光明，农业大丰收，“大有收获”。“顺天休命”，“顺”就是服从的意思;“休”有顺其自然的意思。
有道之士在“大有”的时候所作的事就是只需要顺服“天道”;不必过多地操心自己的命运。君子在这个时候要阻止邪恶，颂扬一切善行，顺应天命，替天行道，以保护万物性命。所以一定要注意遏恶扬善，顺天休命。
大有卦启示的是顺天依时的道理，属于上上卦。象征大有收获，象征富有，从一开始就顺达，昌隆通泰。在占卦时，大有卦属于上上卦，求官得官、求财得财，其间纵有反复，必如所愿。《象》是这样来断此卦：砍树摸雀作事牢，是非口舌自然消，婚姻合伙来费力，若问走失未脱逃。
大有卦的卦象是上卦为离为火，下卦为乾为天，火着到了天上便是大有卦的卦象。俗话说“众人拾柴火焰高”，大家围在一个火堆旁构成同人卦，可是众人聚在一起每个人给火堆添一把柴便可以让火焰烧到天上去，可见众人团结起来才会有更大的力量，才会有更大的收获。另外，离为日，乾为天，大有卦的卦象还有明日中天的形象。中午的太阳是最亮的，最热的，所以古代常以日中表示事物的鼎盛时期。"
谦卦,"谦。亨，君子有终。
象曰：地中有山，谦。君子以裒多益寡，称物平施。
白话文解释
谦卦：通泰。筮遇此卦，君子将有所成就。
《象辞》说：本卦外卦为坤为地，内卦为艮为山，地中有山，内高外卑，居高不傲，这是谦卦的卦象。君子观此卦象，以谦让为怀，裁取多余昀，增益缺乏的，衡量财物的多寡而公平施予。
《断易天机》解
谦卦坤上艮下，为兑宫五世卦。谦为谦逊，内卦艮和外卦坤都是谦虚之象，所以为吉利之卦。
北宋易学家邵雍解
谦和忍让，尊人自卑；利用谦虚，万事可达。
得此卦者，吉利平安，步步高升。谦虚忍让者前途大好，骄横者必招败。谦受益，满招损。
台湾国学大儒傅佩荣解
时运：眼前平顺，步步高升。
财运：物价合理，利益保障。
家宅：近山之居，合家平安。
身体：内郁之症，放宽心胸。
传统解卦
这个卦是异卦（下艮上坤）相叠，艮为山，坤为地。地面有山，地卑（低）而山高，是为内高外低，比喻功高不自居，名高不自誉，位高不自傲。这就是谦。
大象：山应在地面上，而今在地下，代表谦逊之德。
运势：吉利平安，前途无限，但必须去除骄横之气。
事业：尚未被人器重，但因品德高尚，终会为人发现。自己不必有意表现，尤其不可放弃谦虚的美德，埋头苦干，一定会得到他人的帮助，在事业上大有作为。
经商：较为顺利，但不会获暴利，须逐步积累，故应极其小心谨慎，诚心与他人合作，遵守商业道德，通过自己的勤劳努力，取得商业的发展。
求名：天资聪明，但因性格不善于表现自己，起初往往被埋没，自己只要不灰心，继续努力钻研业务，保持谦逊好学精神，更大的成功正在未来。
婚恋：美满的婚姻应由双方共同去努力争取。否则，恋爱不成功，家庭不能和睦。
决策：具有内高外低的谦虚美德，善于团结他人，也能得到别人的帮助，事业很顺利，遇到困难，很快可以化险为夷，有惊无险。由于能够认真吸取别人的长处，进步很快，会畅通无阻，但需要特别注意学业、德业和修养。

第十五卦的哲学含义

火天大有这一卦，从以下方面的含意而得其名：乾刚健，离光明，以刚健的行为，朝着光明的方向去奋斗，成功就大有希望，就会有所得。乾刚健，为内卦，
说明美在内心；离光明，为外卦，说明体现在外部的手段光明磊落。具备这种表里一致的美德，才是真正的大有。
火天大有卦位于同人卦之后，《序卦》中这样解释道：“与人同者，物必归焉，故受之以大有。”寻找到志同道合的人，大家齐心协力做事，物产自然丰富起来，所以接下来就是大有了。
《象》曰：火在天上，“大有”；君子以遏恶扬善，顺天休命。
大有卦的卦象是上卦为离为火，下卦为乾为天，火着到了天上便是大有卦的卦象。俗话说“众人拾柴火焰高”，大家围在一个火堆旁构成同人卦，可是众人聚在一起每个人给火堆添一把柴便可以让火焰烧到天上去，可见众人团结起来才会有更大的力量，才会有更大的收获。另外，离为日，乾为天，大有卦的卦象还有明日中天的形象。中午的太阳是最亮的，最热的，所以古代常以日中表示事物的鼎盛时期。"
豫卦,"豫。利建侯行师。
象曰：雷出地奋，豫。先王以作乐崇德，殷荐之上帝，以配祖考。
白话文解释
豫卦：有利于封侯建国，出兵打仗。
《象辞》说：本卦上卦为震，震为雷，下卦为坤，坤为地。春雷轰鸣，大地震动，催发万物，这是豫卦的卦象。先王观此卦象，取法于声满大地的雷鸣，制作音乐，歌功颂德，光荣归于上帝，光荣归于祖考。
《断易天机》解
豫卦震上坤下，为震宫初世卦。雷出地奋，象征春雷使万物苏醒，君王之威行于子民，因此有利于建候、行师。
北宋易学家邵雍解
雷出地上，悦服快乐；安乐之中，预防忧患。
得此卦者，顺天应时，事事吉祥，可得长辈之助，但须防色难，切不可沉迷于声色欢场之中。
台湾国学大儒傅佩荣解
时运：春雷发动，诸事吉祥。
财运：新货上市，必有大利。
家宅：祈神祭祖，可保平安。
身体：祷告静心。
传统解卦
这个卦是异卦（下坤上震）相叠，坤为地，为顺；震为雷，为动。雷依时出，预示大地回春。因顺而动，和乐之源。此卦与谦卦互为综卦，交互作用。
大象：雷出于地上，阳气奋发，万物欣欣向荣。
运势：如意安泰，可得长辈扶助，但须防色难，凡事应有备而战。
事业：十分顺利，事业可以获得成功，但必须符合实际，顺应潮流，且得自己努力奋斗，树立远大目光，尤其不可因事业的顺利而放松谨慎小心的态度，陷于懒散享乐。否则，必将后悔莫及。
经商：时运已到，应大胆行动，即使发生挫折，也可以很快化险为夷。应加强同他人的合作，开诚布公，共同开发事业。
求名：天资聪颖，如能坚守正直的品德，严格要求自己，努力上进，不因有成绩骄傲满足，停止前进，而是兢兢业业，不惰不怠，必定可以有重大成功。
婚恋：十分顺利，一生顺利和吉祥，但万不可掉以轻心，更不可玩弄感情，否则将会出现悲剧。
决策：一生顺利，不会出现大的波折，容易比较顺利得到自己应该得到的。但关键在于自己的努力和奋斗，不得耽于安乐，不可玩物丧志。豁达、大度更有利于健康和长寿。一旦遇到意外的灾害，只要时时严格要求自己，坚守纯正，乐不忘忧，居安思危，必可转危为安。

第十六卦的哲学含义

雷地豫卦，由坤卦和震卦组成，下坤上震，坤为地，为顺；震为雷，为动。雷依时出，预示大地回春。
从卦象上看，坤为地在下，是万物生长之处，震为雷在上，雷在沉寂的大地上发生轰鸣，表明春天来了，给万物带来了生机，所以形成了万物合乐的局面。震为动在上，坤为顺在下，说明震在前动，坤在后顺其意志而行，从而显出彼此的和好，其乐无穷的气氛。
豫卦位于谦卦之后，《序卦》之中这样说道：“有大而能谦必豫，故受之以豫。”在此之前是大有卦与谦卦，接着一定是代表愉悦的豫卦。豫卦与谦卦互为正覆关系，“豫”有愉悦之意，但也有居安思危的预备之意。
《象》中这样解释豫卦：雷出地奋，豫。先以作乐崇德，殷荐之上帝，以配祖考。
《象》中指出：雷从地下出来，万物振作，这就是豫卦。古代君王学习这种精神，制作音乐来推崇道德，并以隆重的仪式向上帝祭祀，连带也向祖先祭祀。
雷地豫卦启示了顺时依势的道理，属于中中卦。《象》中这样来断此卦：太公插下杏黄旗，收妖为徒归西歧，自此青龙得了位，一旦谋望百事宜。
豫卦之象:有两重山，为出字；官人在中，出求贵义；一鹿一马，指禄马运动；金钱数锭一堆者，乃厚获钱钞无数，占者得之求才遇贵吉利之兆。凤凰生雏之卦，万物发生之象。"
随卦,"随。元亨，利贞，无咎。
象曰：泽中有雷，随。君子以向晦入宴息。
白话文解释
随卦：大吉大利，卜得吉兆，没有灾害。
《象辞》说：本卦下卦为震，震为雷，上卦为兑，兑为泽；雷入泽中，大地寒凝，万物蛰伏，是随卦的卦象。君子观此卦象，取法于随天时而沉寂的雷声，随时作息，向晚则入室休息。
《断易天机》解
随卦兑上震下，为震宫归魂卦。随即顺从、随时之意，占得此卦，凡事顺心，吉无不利。
北宋易学家邵雍解
随顺和同，贞固自持；随从机运，不能专横。
得此卦者，宜随大势，其事可成。凡事与他人多沟通交流，可名利双收。切不可坚持己见，专横者事不成。
台湾国学大儒傅佩荣解
时运：明年运行，五年方展。
财运：堆积存货，明春有利。
家宅：防止惊惧。
身体：休养为宜；牢狱之灾。
传统解卦
这个卦是异卦（下震上兑）相叠，震为雷，为动；兑为悦，动而悦就是“随”。随指相互顺从，己有随物，物能随己，彼此沟通。随必依时顺势，有原则和条件，以坚贞为前提。
大象：震木在兑泽之下，木必随水漂荡，随者，顺也。
运势：有去旧迎新之吉象，宜与人合作，可获厚利，忌三心两意，或独断独行。
事业：对社会和人生有正确的认识，重视人际关系，善于同他人合作，事业会很顺利。为了保证取得更进一步的成功，不得贪图小利，向比自己优秀的人学习，择善而从，心存诚信、努力开拓事业。
经商：顺利。在与他人的真诚合作下，能够达到预期的目的。在竞争中应保持清醒头脑，从大处、长远考虑，遵守商业道德，保持至诚的态度对待顾客和同行，会保持竞争优势。
求名：在自己刻苦钻研的基础上，虚心向有德有才的师长学习，借助外界的力量，促使自己更快的进步，实现个人的理想。
婚恋：双方情投意合可以成功，家庭和睦，但若迷恋于情爱，会影响双方的事业，务必注意。
决策：个人成长道路并不十分顺利，但由于谦虚、随和，人际关系好，尤其能够得到长辈的器重，各种事都能在他人的帮助和关心下成功。但务必注意追随他人应有的立场和原则，不可趋炎附势，招致祸凶。

初九爻的哲学含义

泽雷随卦，指随从、随和、跟随等等。这个卦是异卦相叠，下卦为震，上卦为兑。震为雷、为动；兑为悦。动而悦就是“随”。
从卦象上分析，豫卦上卦为兑为泽为喜悦，下卦为震为雷为动，雷在泽中、心喜而动便是豫卦的卦象。雷怎么会藏在沼泽地里呢？原来，古人通过观察，发现春雷响过之后，惊醒了蛰伏的动物，于是万物苏醒，大地上开始呈现出勃勃生机。可是到了秋天的阴历八月以后，便没有雷声了，一些动物开始为冬眠做准备。通过这个现象，古人认为这就是天道的善意，天气转暖了，天用雷声唤醒大地上的万物；天气转凉了，天便把雷藏了起来，不再惊动大地上的万物了。由于此时沼泽地里也会发出一种声音，所以人们便认为雷到了秋天便藏到了沼泽地里了。从这个卦象中可以看出，随卦还有随时而动的含义。而震卦代表动，兑卦代表喜悦，所以有随着喜悦而动，追随喜悦的含义。
随卦之象：云中雁传书，主信至；一堆钱，有才义；朱门内有人坐，主坐官府；一人在门外立，主士人求进，欲得变身。凡事值此，得贵人力。良石琢玉之卦，如水推画之象。"
蛊卦,"蛊。元亨，利涉大川。先甲三日，后甲三日。
象曰：山下有风，蛊。君子以振民育德。
白话文解释
蛊卦：大吉大利。利于涉水渡河，但须在甲前三日之辛日与甲后三日之丁日启程。
《象辞》说：本卦上卦为艮为山，下卦为巽为风，贤人如山居于上，宣布德教施于下，所谓山下有风，这是巽卦盼卦象。君子观此卦象，取法于吹拂万物的风，从而振救万民，施行德教。
《断易天机》解
蛊卦艮上巽下，为巽宫归魂卦。蛊是指皿中食物因腐败而生虫，筮遇此卦，半凶半吉。
北宋易学家邵雍解
三蛊在器，事物败坏；辛勤丁宁，转危为安。
得此卦者，艰难迷惑之时，事事不如意；宜大胆革新，奋发图强，艰苦努力，可转危为安。
台湾国学大儒傅佩荣解
时运：力图振作，可改旧观。
财运：不宜堆积，应即贩卖。
家宅：整顿家风；恐有私情；生育不顺。
身体：蛊毒之症，小心咒诅。
传统解卦
这个卦是异卦（下巽上艮）相叠，与随卦互为综卦。蛊本意为事，引申为多事、混乱。器皿久不用而生虫称“蛊”，喻天下久安而因循、腐败，必须革新创造，治理整顿，挽救危机，重振事业。
大象：风入山下，闭而不出，即物腐生虫，意气不通，因循败事。
运势：诸事不如意，艰难迷惑，宜大胆革新，否则引来内忧外患。
事业：运气处于不佳状态，或因外界条件，或因个人因素所致。唯有谨慎分析原因，找出弊端，坚决而大胆，不惜冒险，战胜阻力。这时一要头脑冷静，二要向高明的人请教，必能创造业绩。
经商：诸多不利困扰着自己，不宜继续走老路。应全面分析市场动向，当机立断，另外找寻出路。
求名：会遇到许多困难和不利，应看作是对自己的考验，要以百倍的勇气，继续奋斗。同时，虚心寻找自己的不足，加以补救。
婚恋：不顺利。双方如情投意合，则应全力以赴促成此事，夫妇应共同努力维系家庭。
决策：生不逢时，家道或事业有中落现象，个人陷入多事之秋。唯有正视现实，勤奋勉励，不屈不挠，有所作为，甚至不惜冒险，挽救败落状况。必要时还需耐心等待时机。


第十八卦的哲学含义

蛊卦卦象，山风蛊卦的象征意义
从卦象上看，艮为山，性刚，在上。巽为风，性柔，在下。这就像一座坚固高大的房子建在了柔软的地基上，是非常危险的，随时都可能倒塌。艮为山，含有止的意思，巽为风，含有顺从的意思，上止下顺从，事物肯定就会停止发展，结果会很糟。
本卦中的“蛊”是事，即“有事了”、有“麻烦了”的意思。这里是以腐败来比拟人事，指风云际会之时，也正是英雄用武之际，应以自新的精神来应对。
蛊卦除了揭示人们将陷入麻烦之中，还告诉了人们如何解决麻烦的方法 自新、自省、自察。这样做，会减少麻烦的出现，能把麻烦扼杀在萌芽之
蛊卦位于随卦之后，《序卦》这样说道：“以喜随人者必有事，故受之以蛊。”在此上承豫卦与随卦，亦即愉悦而随从别人，形成某些弊端，需要整顿修
《象》曰：山下有风，蛊；君子以振民育德。《象》解释蛊卦的卦象，认为巽（风）下艮（山）上，为山下起大风之表象，象征救弊治乱、拨乱反正。这时候，君子救济人民，培育美德，纠正时弊。
蛊卦启示了振疲起衰的道理，属于中中卦。《象》中断此卦：卦中爻象如推磨，顺当为福反为祸，心中有益且迟迟，凡事尽从忙处错。
蛊卦的卦画是三个阴爻三个阳爻，随卦的所有阳爻变为阴爻，所有阴爻变为阳交，便形成了蛊卦。可见《周易》中的蛊卦与随卦是有一定联系的。"
临卦,"临。元，亨，利，贞。至于八月有凶。
象曰：泽上有地，临。君子以教思无穷，客保民无疆。
白话文解释
临卦：大吉大利，吉利的卜问。到了八月，可能有凶险。
《象辞》说：本卦下卦为兑为泽，上卦为坤为地，堤岸高出大泽，河泽容于大地，这是临卦的卦象。君子观此卦象，君临天下，教化万民，覃恩极虑，保容万民，德业无疆。
《断易天机》解
临卦坤上兑下，为坤宫二世卦。临卦下兑为悦，上坤为顺，欢悦而顺从，保证可以亨通。
北宋易学家邵雍解
以上临下，相佐相互；居安思危，时时慎戒。
得此卦者，好运来到，诸事如意，人情和合，但行事不宜过于急进。
台湾国学大儒傅佩荣解
时运：活水流行，好运方来。
财运：经营有成，获利可期。
家宅：家业正旺；两姓和合。
身体：疾病拖延，不致危险。
传统解卦
这个卦是异卦（下兑上坤）相叠。坤为地，兑为泽，地高于泽，泽容于地。喻君主亲临天下，治国安邦，上下融洽。
大象：池泽之水灌溉地面万物，相辅相成，生生不息。
运势：诸事亨通，上下和合，前途有望，但不宜过于急进。
事业：正是成功的极好时机，务必抓紧，不可失去良机。但却不可就此满足，时运会很快消失，一定要从长计议，注意总结经验，团结他人，共同开拓新领域。
经商：会十分顺利，并有收获，但须随时注意市场动向，兢兢业业，防止出现意外的事故，尤其应妥善处理人际关系。
求名：自己的努力已到了收获的季节，应更加虚心，严格要求自己，谨慎小心地实现自己的目标。很可能出现意外，应以刚强的意志去从容对付，过于软弱将失去机会。
婚恋：加紧进行，全力以赴，双方以诚信相待，美满、和谐。
决策：头脑灵活，善于同他人交往，并有主见，具有领导才能。务必加强个人的全面修养，诚信待人，树立良好的个人威望，尤其要有远大的眼光，长久的计划，可以保证事业的发达和前程的光明。

第十九卦的哲学含义

临卦卦象，地泽临卦的象征意义
地泽临卦，是由兑和坤所组成，兑卦在下，坤卦在上。兑代表愉悦，象征泽；坤代表顺，象征地。地在上，泽在下，象征大地对泽水采取居高临下的监督。大地压在泽上，像上级对下级在施加压力，强制推行自己的意志。本卦取名为临，临的本意就是从上往下看，本卦的含义就是上级对下级的领导和管理。监临、面临，随着所临对象的不同，包含以君临民、以己临事多重含义，如何正确处理自我与他人、主体与客体的关系，是临卦所讨论的主题。《象》中这样解释临卦：泽上有地，临；君子以教思无穷，容保民无疆。
地泽临卦《象》中这段话的意思是：临卦的卦象是兑（泽）下坤（地）上，为地在泽上之表象。泽上有地，地居高而临下，象征督导。君子由此受到启发，费尽心思地教导人民，并以其无边无际的盛德保护人民。
地泽临卦以在地与泽水接壤通气为象，表明君与民和平相处，君亲近于民，民和悦于君。这一卦既有领导亲临下级，又有下级恭迎领导之意。临卦启示了教民保民的道理，属于中上卦。《象》中这样来断此卦：君王无道民倒悬，常想拨云见青天，幸逢明主施仁政，重又安居乐自然。
地泽临卦的卦画为下面两个阳爻，上面四个阴爻。
地泽临卦从卦象上分析，下面的两个阳爻代表阳气的逐渐增强，也可引申为正气的增长。临卦是十二消息卦之一，代表的节气为大寒。临卦六爻代表小寒至立春的三十余天。五天为一候，一爻代表一候。此时卦象上已有两个阳了，表示阳气逐渐在壮大。所以临卦也有壮大的意思。另外，临卦的上卦为坤为地，下卦为兑为泽，所以泽上有地便是临卦的卦象。什么叫“泽上有地”?意思是说，沼泽的外边是无边的土地，而土地的位置是高于沼泽的，所以说“泽上有地”。站在沼泽边上的土地上往沼泽里看，这就是临。可见卦象与卦名的含义还是较为一致的。"
观卦,"观。盥而不荐，有孚顒若。
象曰：风行地上，观。先王以省方，观民设教。
白话文解释
观卦：祭祀时灌酒降神而不献人牲，因为用作祭祀的俘虏的头部肿了，不能用作祭品。
《象辞》说：本卦上卦为巽为风，下卦为坤为地，风行大地吹拂万物，这是观的卦象。先王观此卦象取法于周流八方的风，从而巡视邦国，观察民情，推行教化。
《断易天机》解
观卦巽上坤下，为乾宫四世卦。观卦象征将道义展示于众人面前。观卦风在上而地在下，是春风浩荡、万物滋生之象。
北宋易学家邵雍解
以下观上，周游观览；平心静气，坚守岗位。
得此卦者，处身于变化之中，心神不宁，宜多观察入微，待机行事，切勿妄进。
台湾国学大儒傅佩荣解
时运：出外游览，不易闲居。
财运：贩卖洋货，须防风险。
家宅：供养神佛。
身体：风湿之症，运动调养。
传统解卦
这个卦是异卦（下坤上巽）相叠，风行地上，喻德教遍施。观卦与临卦互为综卦，交相使用。在上者以道义观天下；在下者以敬仰瞻上，人心顺服归从。
大象：风运行于坤地之上，喻有周游观览之意。阴长阳消，正道衰微，万物难行。
运势：处身于变化之中，宜多观察入微，心身苦恼，并防外来诱惑。
事业：事业已出现不顺利的迹象，务必谦虚慎重，高瞻远瞩，尤忌短期行为，心胸开阔，注意搞好人际关系，团结他人，不宜轻率行动。必要时不妨投靠德行高的人，以图再度发展。
经商：市场形势不稳定，正处于变动，应谨慎小心，随时观察动向，从长计议，做好退却的准备。
求名：贵在自知之明，虚心向他人求教，端正处世态度，尤其不可自我满足，更须守中持正，树立远大理想，勿丧失个人追求的目标，勿偏离正道。
婚恋：不顺利，双方应经受住考验，从长计议，会有理想的结果。
决策：具有组织能力，适宜担任负责工作，但人生旅途多曲折，必须注意培养自己的预见性和观察力，办事务必公正，实事求是，注意人心动向，关心他人。尤其不可以陷入小人之道和近视行为之中。应有决断精神，不可盲从，必要时可进行策略依附。

第二十卦的哲学含义

观卦卦象，风地观卦的象征意义
风地观卦，这个卦是异卦相叠，下卦为坤，上卦为巽。风行地上，喻德教遍施。巽为风在上，坤为地在下。说明巽在上，为民办事，像风一样迅速，无处不到。地在下，表示地上的万物仰首观察巽的行为，产生敬重和羡慕的心理，决心学习巽的德才。由此可知，观卦本身是以敬重的态度观察和学习他人优点和长处的卦。
观卦启示了观下瞻上的道理，在上者以道义观天下；在下者以敬仰瞻上，人心顺服归从。观卦属于中上卦。《象》这样评断此卦：卦遇蓬花旱逢河，生意买卖利息多，婚姻自有人来助，出门永不受折磨。
风地观卦的卦画是下面四个阴爻，上面两个阳爻，与临卦的卦画排列顺序正好相反。
风地观卦从卦象上进行分析，观卦上卦为巽为风，下卦为坤为地，风吹拂着大地就是观卦的卦象。风无处不在，无孔不入，人也应当像风一样，无所不观，观察万物而得到更多的知识。"
